AGEMOEA2-greedy_multi-1P,AGEMOEA2-greedy_multi-2P,AGEMOEA2-greedy_multi-HUX,AGEMOEA2-greedy_multi-UX,AGEMOEA2-greedy_ting-1P,AGEMOEA2-greedy_ting-2P,AGEMOEA2-greedy_ting-HUX,AGEMOEA2-greedy_ting-UX,AGEMOEA2-random_dense-1P,AGEMOEA2-random_dense-2P,AGEMOEA2-random_dense-HUX,AGEMOEA2-random_dense-UX,NSGA2-greedy_multi-1P,NSGA2-greedy_multi-2P,NSGA2-greedy_multi-HUX,NSGA2-greedy_multi-UX,NSGA2-greedy_ting-1P,NSGA2-greedy_ting-2P,NSGA2-greedy_ting-HUX,NSGA2-greedy_ting-UX,NSGA2-random_dense-1P,NSGA2-random_dense-2P,NSGA2-random_dense-HUX,NSGA2-random_dense-UX,NSGA3-greedy_multi-1P,NSGA3-greedy_multi-2P,NSGA3-greedy_multi-HUX,NSGA3-greedy_multi-UX,NSGA3-greedy_ting-1P,NSGA3-greedy_ting-2P,NSGA3-greedy_ting-HUX,NSGA3-greedy_ting-UX,NSGA3-random_dense-1P,NSGA3-random_dense-2P,NSGA3-random_dense-HUX,NSGA3-random_dense-UX,RVEA-greedy_multi-1P,RVEA-greedy_multi-2P,RVEA-greedy_multi-HUX,RVEA-greedy_multi-UX,RVEA-greedy_ting-1P,RVEA-greedy_ting-2P,RVEA-greedy_ting-HUX,RVEA-greedy_ting-UX,RVEA-random_dense-1P,RVEA-random_dense-2P,RVEA-random_dense-HUX,RVEA-random_dense-UX,SMSEMOA-greedy_multi-1P,SMSEMOA-greedy_multi-2P,SMSEMOA-greedy_multi-HUX,SMSEMOA-greedy_multi-UX,SMSEMOA-greedy_ting-1P,SMSEMOA-greedy_ting-2P,SMSEMOA-greedy_ting-HUX,SMSEMOA-greedy_ting-UX,SMSEMOA-random_dense-1P,SMSEMOA-random_dense-2P,SMSEMOA-random_dense-HUX,SMSEMOA-random_dense-UX,SPEA2-greedy_multi-1P,SPEA2-greedy_multi-2P,SPEA2-greedy_multi-HUX,SPEA2-greedy_multi-UX,SPEA2-greedy_ting-1P,SPEA2-greedy_ting-2P,SPEA2-greedy_ting-HUX,SPEA2-greedy_ting-UX,SPEA2-random_dense-1P,SPEA2-random_dense-2P,SPEA2-random_dense-HUX,SPEA2-random_dense-UX,UNSGA3-greedy_multi-1P,UNSGA3-greedy_multi-2P,UNSGA3-greedy_multi-HUX,UNSGA3-greedy_multi-UX,UNSGA3-greedy_ting-1P,UNSGA3-greedy_ting-2P,UNSGA3-greedy_ting-HUX,UNSGA3-greedy_ting-UX,UNSGA3-random_dense-1P,UNSGA3-random_dense-2P,UNSGA3-random_dense-HUX,UNSGA3-random_dense-UX
1.0,1.0,1.0,1.0,4.759284729671914e-17,2.6115285324989906e-19,4.353735418597049e-12,2.3054984367996383e-12,1.3310062672738289e-08,2.1742254431590776e-16,1.7979639347154496e-22,6.627785091803994e-22,1.0,1.0,1.0,1.0,1.816709680655334e-17,4.4175295245651203e-20,1.8137375527861028e-25,2.6239454276731214e-25,1.0535966593501667e-11,3.0281003021518086e-18,3.511978582105769e-27,4.595140374712301e-27,1.0,1.0,1.0,1.0,5.496098225644557e-06,9.493230058901099e-10,2.0990809343923054e-09,3.6918783711474665e-10,0.0007990504330764177,2.0563919684247069e-10,1.4433256712153049e-22,4.936535252466912e-22,1.0,1.0,1.0,1.0,1.0,1.0,1.0,1.0,0.7213451729911268,0.5592845319556411,1.0,0.8401391844866818,1.0,1.0,1.0,1.0,2.711472089782844e-07,2.008198710373782e-10,0.0012273470243102272,0.00073363478859866,0.09518332514746447,2.5218277852643653e-07,6.334656332860701e-05,6.594730788513043e-05,1.0,1.0,1.0,1.0,3.3984591393635535e-08,0.0006254517715290535,1.9146716136451553e-06,7.923347636148606e-05,0.0010001902717543538,8.198278734969703e-05,6.860883546438305e-14,1.1604393155292895e-12,1.0,1.0,1.0,1.0,1.1011897452749067e-05,3.5932027514712754e-11,2.841643314868304e-09,1.3004931975806869e-09,0.0032434439249253095,2.804215441029057e-10,4.0469018852225117e-22,1.3218157878334568e-22
1.0,1.0,1.0,1.0,2.0198387438676867e-15,1.3837417478005829e-17,1.073637071966846e-10,5.896926163002888e-11,2.112476683328386e-07,8.61824696857266e-15,1.2790623221783526e-20,4.475536620215751e-20,1.0,1.0,1.0,1.0,8.04348500013878e-16,2.528763861646335e-18,1.670143377784347e-23,2.382592959119822e-23,2.4803443504904315e-10,1.4443354126312242e-16,3.730185723259631e-25,4.835941281521809e-25,1.0,1.0,1.0,1.0,5.958861501063125e-05,1.7456183971794686e-08,3.6962825067365356e-08,7.164176921105778e-09,0.005947006326851125,4.13272395199207e-09,1.0345505852502515e-20,3.377923131372931e-20,1.0,1.0,1.0,1.0,1.0,1.0,1.0,1.0,1.0,1.0,1.0,1.0,1.0,1.0,1.0,1.0,3.5730857581611776e-06,4.041201544576776e-09,0.008866052860391983,0.00551337608007231,0.45657093847536345,3.342395034922651e-06,0.0005759127665597809,0.0005972226994320962,1.0,1.0,1.0,1.0,5.091819367908044e-07,0.004770910012642655,2.2382400085987526e-05,0.0007101655126308708,0.0073144253123500645,0.0007330133693931756,2.0727036364325593e-12,3.073279920540876e-11,1.0,1.0,1.0,1.0,0.00011347903293239901,7.927156530170114e-10,4.922981176147734e-08,2.3474947668243588e-08,0.021505093115748514,5.535405595290399e-09,2.791426940317681e-20,9.506502278947194e-21
1.0,1.0,1.0,1.0,1.019100919575384e-10,1.4182604660854955e-12,9.60712563578419e-07,5.833697284911615e-07,0.0004635555989176219,3.507892691624984e-10,3.3536807696250268e-15,9.966862740420819e-15,1.0,1.0,1.0,1.0,4.646727983788562e-11,3.275781371486377e-13,1.0042539332736747e-17,1.3735157399182252e-17,1.9134187165377735e-06,1.0675400706828668e-11,3.5344338639914335e-19,4.448241942846366e-19,1.0,1.0,1.0,1.0,0.03810351399923655,6.248903109126386e-05,0.00011418483252920508,3.0316674296425993e-05,1.0,1.933593471037606e-05,2.7857249248200487e-15,7.794130301373177e-15,0.6437277321476618,1.0,1.0,1.0,1.0,1.0,1.0,1.0,1.0,1.0,1.0,1.0,1.0,1.0,1.0,1.0,0.004343583653098131,1.8987686489001793e-05,1.0,1.0,1.0,0.004114958284994519,0.20961034544864918,0.21537943911033522,1.0,1.0,1.0,1.0,0.0009350442729992315,0.9891552072310238,0.017961727464642245,0.24437019400988133,1.0,0.24967666595557084,3.5845137463279305e-08,3.397896170128642e-07,1.0,1.0,1.0,1.0,0.06226187410739404,4.990589148719506e-06,0.00014354507819973867,7.919244890040668e-05,1.0,2.455377993455929e-05,6.601060016696941e-15,2.58827296929325e-15
1.0,1.0,1.0,1.0,1.3109624244407396e-10,1.8630926230607173e-12,1.1832611914246442e-06,7.212466814657433e-07,0.0005505753187272914,4.494592139923351e-10,4.500866485659346e-15,1.3334786809231354e-14,1.0,1.0,1.0,1.0,6.004185402807135e-11,4.319714279404969e-13,1.377510507588333e-17,1.8807857961324e-17,2.3509223907002107e-06,1.3884502840176839e-11,4.906761977990756e-19,6.168722747489878e-19,1.0,1.0,1.0,1.0,0.0438813724688498,7.51032994314588e-05,0.0001368584826662067,3.6686773873357324e-05,1.0,2.344876783195973e-05,3.746062157707346e-15,1.0423829591525734e-14,0.5713127333463613,0.9076766223626215,1.0,1.0,1.0,1.0,1.0,1.0,1.0,1.0,1.0,1.0,1.0,1.0,1.0,1.0,0.00507522024150813,2.3028917395733727e-05,1.0,1.0,1.0,0.00482426559861744,0.23774107258483104,0.24437019400988133,1.0,1.0,1.0,1.0,0.001101380094151414,1.0,0.0208041167899864,0.27577507736396223,1.0,0.28204308951139706,4.499026342972534e-08,4.209260559313564e-07,1.0,1.0,1.0,1.0,0.07138539231802582,6.095200849669439e-06,0.00017204171135889621,9.525330830203239e-05,1.0,2.9748739563757105e-05,8.83664269335856e-15,3.4814918446135762e-15
4.759284729671914e-17,2.0198387438676867e-15,1.019100919575384e-10,1.3109624244407396e-10,1.0,1.0,1.0,1.0,1.0,1.0,1.0,1.0,9.129375997969068e-14,3.2803286857566042e-12,5.540042069320762e-09,4.600046333861287e-09,1.0,1.0,1.0,1.0,1.0,1.0,1.0,1.0,6.809442361186659e-19,2.110202056126197e-17,7.638100598696444e-13,1.64299240197359e-13,1.0,1.0,1.0,1.0,0.046197383736552265,1.0,1.0,1.0,3.9456253866989304e-25,1.659225742634422e-24,8.485382970574358e-24,1.328494310005819e-23,6.195237712907569e-07,1.333323416146364e-07,1.444873538776563e-06,2.5618886561959974e-06,1.633537078045624e-05,2.4592092983949788e-05,6.489802350614118e-06,1.2758891880229188e-05,5.005843397179769e-22,1.3255292258696438e-21,4.242714042381433e-20,9.640333029762513e-20,1.0,1.0,0.032204027285039835,0.04956719236111109,0.00032229562414373746,1.0,0.3024394599808743,0.29472410477081457,5.777794044254283e-16,5.170825741422782e-15,5.226644867670617e-09,1.5951858216267335e-09,1.0,0.05649090942323494,1.0,0.2603710027586178,0.03840049040432745,0.25454922362268567,1.0,1.0,1.9465346737143867e-18,8.933450648539666e-18,2.624815952924432e-13,1.908826694940196e-12,0.9144140067208371,1.0,1.0,1.0,0.0134659417253593,1.0,1.0,1.0
2.6115285324989906e-19,1.3837417478005829e-17,1.4182604660854955e-12,1.8630926230607173e-12,1.0,1.0,1.0,1.0,1.0,1.0,1.0,1.0,7.935595667902209e-16,3.6191501886228526e-14,1.0434891289761816e-10,8.529016825722434e-11,1.0,1.0,1.0,1.0,1.0,1.0,1.0,1.0,2.925138897220508e-21,1.1028832264380944e-19,7.637826588758793e-15,1.481870543596701e-15,0.19248252026522603,1.0,1.0,1.0,0.004055550140229807,1.0,1.0,1.0,8.085929288378212e-28,3.644180944289089e-27,2.0218018202176155e-26,3.237223396362973e-26,1.7000269371691464e-08,3.230792996337922e-09,4.2815653235848995e-08,7.996567129427533e-08,5.997462015912399e-07,9.388447485242824e-07,2.1977776937895418e-07,4.57657788462957e-07,1.4678637701910857e-24,4.078349441646548e-24,1.5674166798014905e-22,3.7224396834829057e-22,1.0,1.0,0.0026658525387756485,0.004392365746270145,1.5869790309042527e-05,1.0,0.03475338791665402,0.033691395504863636,3.6724224472352946e-18,3.757989781500283e-17,9.804272434251829e-11,2.726265078727447e-11,1.0,0.005073556597672859,0.36736512422148193,0.029225840387269594,0.0032775748919950075,0.02844627206618875,1.0,1.0,8.85968591927133e-21,4.438853660393792e-20,2.43767665275427e-15,2.0310485999225933e-14,0.12168395898838348,1.0,1.0,1.0,0.001009809254891761,1.0,1.0,1.0
4.353735418597049e-12,1.073637071966846e-10,9.60712563578419e-07,1.1832611914246442e-06,1.0,1.0,1.0,1.0,1.0,1.0,1.0,1.0,2.7242282593686953e-09,5.528891161706628e-08,2.558179259020495e-05,2.2003001108401957e-05,1.0,1.0,1.0,1.0,1.0,1.0,0.6167182563679299,0.6701171847249481,1.1217070001774202e-13,2.162750321805934e-12,1.6270533344334832e-08,4.464042656183989e-09,1.0,1.0,1.0,1.0,1.0,1.0,1.0,1.0,3.9852924623721746e-19,1.414204594280455e-18,5.933825571652832e-18,8.795661046040411e-18,0.001125217184305491,0.000332966314505079,0.0021934321412960174,0.0034614611195546434,0.014530615223371703,0.019943129692222315,0.007139025707309783,0.012029029557562358,2.11468828166715e-16,4.945318738052651e-16,1.0109719432857021e-14,2.0635934209017593e-14,1.0,1.0,1.0,1.0,0.13963057937779066,1.0,1.0,1.0,3.6980450269235256e-11,2.3915523795588034e-10,2.4428670802738393e-05,9.23040429749276e-06,1.0,1.0,1.0,1.0,1.0,1.0,1.0,1.0,2.779896167842578e-13,1.031235458027262e-12,6.612703731927416e-09,3.5113959914185543e-08,1.0,1.0,1.0,1.0,1.0,1.0,1.0,1.0
2.3054984367996383e-12,5.896926163002888e-11,5.833697284911615e-07,7.212466814657433e-07,1.0,1.0,1.0,1.0,1.0,1.0,1.0,1.0,1.5432330423846984e-09,3.240805451815177e-08,1.6227639295782594e-05,1.3886995669807806e-05,1.0,1.0,1.0,1.0,1.0,1.0,0.8193414148518057,0.8886925743833048,5.743489914821974e-14,1.137178614586766e-12,9.412282648740697e-09,2.5500682809009096e-09,1.0,1.0,1.0,1.0,1.0,1.0,1.0,1.0,1.82784719161292e-19,6.556097126805241e-19,2.78647560695026e-18,4.139799669926134e-18,0.0007575282902631144,0.0002184190632740041,0.001486746971190401,0.0023447012353672806,0.01017335665736996,0.014010829933404809,0.004942506147611403,0.008402598905628049,1.02272441795377e-16,2.406785200287551e-16,5.06491740381526e-15,1.0380805424318538e-14,1.0,1.0,1.0,1.0,0.10184971685081398,1.0,1.0,1.0,2.0000472323996574e-11,1.3207208597436732e-10,1.5466179746774347e-05,5.768969175512218e-06,1.0,1.0,1.0,1.0,1.0,1.0,1.0,1.0,1.4349361742420939e-13,5.405961096624832e-13,3.7940402047816775e-09,2.0436561017467535e-08,1.0,1.0,1.0,1.0,1.0,1.0,1.0,1.0
1.3310062672738289e-08,2.112476683328386e-07,0.0004635555989176219,0.0005505753187272914,1.0,1.0,1.0,1.0,1.0,1.0,0.4363532422222717,0.6830249816735448,3.342395034922651e-06,4.273846428364218e-05,0.00682033590601427,0.006017778427009149,1.0,1.0,0.035982989061757176,0.04137322531626362,1.0,1.0,0.00768933643527339,0.008557046850652714,5.532620103150882e-10,7.25699945538603e-09,1.5286776433318124e-05,5.0889744060968e-06,1.0,1.0,1.0,1.0,1.0,1.0,0.4037157827100351,0.6179067514491173,8.608218490117392e-15,2.6570274724256664e-14,9.517077038938718e-14,1.349811049140166e-13,0.13963057937779066,0.05336620130494535,0.23558359848849783,0.33164442587828186,1.0,1.0,0.5824599796226814,0.8760553197703015,2.24344251128954e-12,4.750190706624639e-12,6.764429425559997e-11,1.2602382010696622e-10,1.0,1.0,1.0,1.0,1.0,1.0,1.0,1.0,8.448501396835674e-08,4.197007995031019e-07,0.006562175691921892,0.0029735923466901355,1.0,1.0,1.0,1.0,1.0,1.0,1.0,1.0,1.2229021423462352e-09,3.8283933262575996e-09,7.095180254907194e-06,2.924892348051176e-05,1.0,1.0,1.0,1.0,1.0,1.0,0.5776045785341309,0.3920940571209398
2.1742254431590776e-16,8.61824696857266e-15,3.507892691624984e-10,4.494592139923351e-10,1.0,1.0,1.0,1.0,1.0,1.0,1.0,1.0,3.619529418236806e-13,1.2162325929882523e-11,1.742153295972411e-08,1.4501089629741192e-08,1.0,1.0,1.0,1.0,1.0,1.0,1.0,1.0,3.3490792740791077e-18,9.773995092583846e-17,2.908455366162339e-12,6.443006905402421e-13,1.0,1.0,1.0,1.0,0.09121841617606397,1.0,1.0,1.0,2.4318826597944818e-24,1.0013403972840015e-23,4.998348168065326e-23,7.754550448907464e-23,1.7348059103355292e-06,3.8879145164480526e-07,3.966505147805976e-06,6.913592421304026e-06,4.1928245055009477e-05,6.245600178790529e-05,1.71701366103564e-05,3.3072172212646315e-05,2.7712962758109914e-21,7.215057116153113e-21,2.1870162288619127e-19,4.906761977990756e-19,1.0,1.0,0.06417924318969022,0.09744279707513444,0.0007565341637286827,1.0,0.5538924086709128,0.5394024414388573,2.5233017528139267e-15,2.1714490652966932e-14,1.645822855985449e-08,5.155013792949903e-09,1.0,0.11005959378485876,1.0,0.4773524896889539,0.07621024719532077,0.4665662217812616,1.0,1.0,9.389610227804468e-18,4.204633920327302e-17,1.0172683114079905e-12,7.139738456320914e-12,1.0,1.0,1.0,1.0,0.027964010350047676,1.0,1.0,1.0
1.7979639347154496e-22,1.2790623221783526e-20,3.3536807696250268e-15,4.500866485659346e-15,1.0,1.0,1.0,1.0,0.4363532422222717,1.0,1.0,1.0,1.0041934663354889e-18,6.23303726011383e-17,3.6234475361832364e-13,2.909696733697869e-13,1.0,1.0,1.0,1.0,1.0,1.0,1.0,1.0,1.4729289870760003e-24,7.154236416115504e-23,1.1586304195747171e-17,1.971682600925973e-18,0.009589533726687173,1.0,1.0,1.0,0.00010535572462203719,1.0,1.0,1.0,1.536240584386646e-31,7.594349777829714e-31,4.677027446039619e-30,7.707316751603687e-30,9.794988072737419e-11,1.5619413356855313e-11,2.70307479185769e-10,5.393563650782461e-10,5.041362404339423e-09,8.287202565325598e-09,1.6570436260837197e-09,3.744865866210891e-09,4.46026574652729e-28,1.3235681682075528e-27,6.484294956923527e-26,1.6308381461982416e-25,0.07756666196692455,1.0,6.553174228883846e-05,0.00011528038710124148,1.9500364730415974e-07,0.08114987631959113,0.001263581545759273,0.0012210175915871148,3.071258666052466e-21,3.7472937577912876e-20,3.383423810297808e-13,8.378607282987413e-14,0.26358631810977334,0.00013640385925185042,0.020841683428401498,0.0010353907142379747,8.249857389660513e-05,0.0010054325533856597,1.0,1.0,4.8147622406760435e-24,2.701972885722419e-23,3.3744470211718423e-18,3.336971382373587e-17,0.0055874409897152776,1.0,0.9579012485268589,1.0,2.151293925269562e-05,1.0,1.0,1.0
6.627785091803994e-22,4.475536620215751e-20,9.966862740420819e-15,1.3334786809231354e-14,1.0,1.0,1.0,1.0,0.6830249816735448,1.0,1.0,1.0,3.3282965494502115e-18,1.9565167729568998e-16,1.0062972315866289e-12,8.09348944795649e-13,1.0,1.0,1.0,1.0,1.0,1.0,1.0,1.0,5.726769276091384e-24,2.660616035960213e-22,3.723447552131448e-17,6.475480759783572e-18,0.01679890506633333,1.0,1.0,1.0,0.00020626114269984023,1.0,1.0,1.0,7.077962063905825e-31,3.444759941367865e-30,2.0830355804012295e-29,3.415314012206471e-29,2.489003845176667e-10,4.109072309149884e-11,6.780618977162435e-10,1.3372609723650926e-09,1.2003695211537133e-08,1.9524762802930762e-08,4.023051912390273e-09,8.946153360825746e-09,1.8928343207655087e-27,5.553164762556467e-27,2.6098266447426473e-25,6.494426405295796e-25,0.12727366530473286,1.0,0.00012936774844543906,0.00022553786790521847,4.34274017109221e-07,0.13327604954229308,0.0023318680650662622,0.002251024205591785,1.0931438014660146e-20,1.2942877898906674e-19,9.40276840248516e-13,2.3820140623496857e-13,0.41591171637056656,0.00026610620297618464,0.03578491501129737,0.0019130390719725094,0.00016246292474523323,0.001857340463265066,1.0,1.0,1.8501478498033994e-23,1.0164052426815589e-22,1.1006922101690044e-17,1.0550828440722212e-16,0.009904084760632257,1.0,1.0,1.0,4.3544882491107515e-05,1.0,1.0,1.0
1.0,1.0,1.0,1.0,9.129375997969068e-14,7.935595667902209e-16,2.7242282593686953e-09,1.5432330423846984e-09,3.342395034922651e-06,3.619529418236806e-13,1.0041934663354889e-18,3.3282965494502115e-18,1.0,1.0,1.0,1.0,3.796984154763632e-14,1.5600354820523827e-16,1.725695835995455e-21,2.4283633438831546e-21,5.976527309955584e-09,7.41538178284084e-15,4.483227400939534e-23,5.750214604867502e-23,1.0,1.0,1.0,1.0,0.0006254517715290535,3.2564668467964595e-07,6.56686862549968e-07,1.4131219506627565e-07,0.04207194722657427,8.432439686780238e-08,8.193194824230341e-19,2.54043702678322e-18,1.0,1.0,1.0,1.0,1.0,1.0,1.0,1.0,1.0,1.0,1.0,1.0,1.0,1.0,1.0,1.0,4.654564962219537e-05,8.254119102106756e-08,0.060386570430004644,0.039164820992149844,1.0,4.3677456926749924e-05,0.005020085757767649,0.005191598846374002,1.0,1.0,1.0,1.0,7.582404198751492e-06,0.034404630834314776,0.00025326212694882014,0.006064386532402926,0.05059358138611725,0.0062432154982386585,6.565936243389656e-11,8.353104702665063e-10,1.0,1.0,1.0,1.0,0.0011290904020068333,1.7783016240073638e-08,8.57530218021035e-07,4.2920437716080444e-07,0.13357541841302983,1.1097688054037474e-07,2.115338314014995e-18,7.555803620290531e-19
1.0,1.0,1.0,1.0,3.2803286857566042e-12,3.6191501886228526e-14,5.528891161706628e-08,3.240805451815177e-08,4.273846428364218e-05,1.2162325929882523e-11,6.23303726011383e-17,1.9565167729568998e-16,1.0,1.0,1.0,1.0,1.4256866771182519e-12,7.704072194965567e-15,1.4126656959725623e-19,1.9611471073491826e-19,1.1600802772880714e-07,3.0335122243550485e-13,4.264132373754486e-21,5.419549376507677e-21,1.0,1.0,1.0,1.0,0.005314920754749265,4.8848936763130125e-06,9.3881661713389e-06,2.2328642300509747e-06,0.23971397325218674,1.379581136478355e-06,5.132673025323682e-17,1.5105210207346397e-16,1.0,1.0,1.0,1.0,1.0,1.0,1.0,1.0,1.0,1.0,1.0,1.0,1.0,1.0,1.0,1.0,0.0004887563285007843,1.352821291223025e-06,0.3296400950594492,0.22513547465788047,1.0,0.00046188539231156186,0.03545323561003317,0.03654782822460826,1.0,1.0,1.0,1.0,9.145343648830555e-05,0.20022473426586793,0.002307243348708021,0.04208060752748765,0.2820250438852682,0.043186652108128526,1.658489398459543e-09,1.81587267401616e-08,1.0,1.0,1.0,1.0,0.009128454208200349,3.228928743518328e-07,1.2035449868467532e-05,6.315534280447878e-06,0.6748205219185637,1.7828763433236493e-06,1.2684226802379264e-16,4.753241802776478e-17
1.0,1.0,1.0,1.0,5.540042069320762e-09,1.0434891289761816e-10,2.558179259020495e-05,1.6227639295782594e-05,0.00682033590601427,1.742153295972411e-08,3.6234475361832364e-13,1.0062972315866289e-12,1.0,1.0,1.0,1.0,2.6797903573798867e-09,2.652116106460861e-11,1.536095971007494e-15,2.0625772598603237e-15,4.809429914637685e-05,6.829550676860474e-10,6.52154928569398e-17,8.097361247807964e-17,1.0,1.0,1.0,1.0,0.33188273650033373,0.001125217184305491,0.0019369507298500086,0.0005876579246343114,1.0,0.00039163258321549396,3.0497932852605037e-13,7.997388425262477e-13,0.08107785104454346,0.13616168443151414,0.24219663509917136,0.2818166737456068,1.0,1.0,1.0,1.0,1.0,1.0,1.0,1.0,0.9655619178522622,1.0,1.0,1.0,0.04972477503982096,0.00038508112358791823,1.0,1.0,1.0,0.04744043622996464,1.0,1.0,1.0,1.0,1.0,1.0,0.012743217397454537,1.0,0.17307795669887635,1.0,1.0,1.0,1.2544312584223521e-06,9.877328169020933e-06,1.0,1.0,1.0,1.0,0.5101365014235736,0.000114568105924928,0.002377811712351252,0.0013917426319265825,1.0,0.00048633475063001783,6.845064068063709e-13,2.8511027134156745e-13
1.0,1.0,1.0,1.0,4.600046333861287e-09,8.529016825722434e-11,2.2003001108401957e-05,1.3886995669807806e-05,0.006017778427009149,1.4501089629741192e-08,2.909696733697869e-13,8.09348944795649e-13,1.0,1.0,1.0,1.0,2.212522939847455e-09,2.1538248527921463e-11,1.2123081128604212e-15,1.6265982639524536e-15,4.145192300196025e-05,5.615102168441972e-10,5.093743618645951e-17,6.330446581832975e-17,1.0,1.0,1.0,1.0,0.30078334828781894,0.0009888462543458441,0.0016990530961459576,0.0005120233822536083,1.0,0.0003406840796003839,2.4493281911798744e-13,6.436122262698708e-13,0.09022253816392159,0.1510816499963495,0.2663708733857838,0.3107205293921044,1.0,1.0,1.0,1.0,1.0,1.0,1.0,1.0,1.0,1.0,1.0,1.0,0.04451349290651255,0.00033495663454656587,1.0,1.0,1.0,0.04250235591143631,1.0,1.0,1.0,1.0,1.0,1.0,0.01130133909865118,1.0,0.1563180999329427,1.0,1.0,1.0,1.0629634567868358e-06,8.437657827493911e-06,1.0,1.0,1.0,1.0,0.46230930216870686,9.9110997896374e-05,0.002092168302839256,0.0012210175915871148,1.0,0.0004235270950443383,5.504142451264752e-13,2.2861816299083293e-13
1.816709680655334e-17,8.04348500013878e-16,4.646727983788562e-11,6.004185402807135e-11,1.0,1.0,1.0,1.0,1.0,1.0,1.0,1.0,3.796984154763632e-14,1.4256866771182519e-12,2.6797903573798867e-09,2.212522939847455e-09,1.0,1.0,1.0,1.0,1.0,1.0,1.0,1.0,2.4798953773317675e-19,7.986838142123142e-18,3.2675854545970774e-13,6.888542841612813e-14,0.9579012485268589,1.0,1.0,1.0,0.029963781656499155,1.0,1.0,1.0,1.249963105094525e-25,5.3229446390383495e-25,2.7645614974122175e-24,4.341281948698451e-24,3.2100124900256726e-07,6.749367201578128e-08,7.595865424790425e-07,1.3595523481932902e-06,8.92256923430775e-06,1.3551933316838832e-05,3.498187455366831e-06,6.924935949601676e-06,1.6954542139064467e-22,4.526635623716284e-22,1.50142335280482e-20,3.4410818105965855e-20,1.0,1.0,0.02051538337990289,0.032204027285039835,0.00018577692670451845,1.0,0.20656637085163887,0.2006582706600557,2.2627559067334855e-16,2.08078061111999e-15,2.526051214738182e-09,7.546962977979152e-10,1.0,0.036638780925631186,1.0,0.17581733104392622,0.024646667218754914,0.17197999004060838,1.0,1.0,7.167069045693938e-19,3.3490792740791077e-18,1.106383011541221e-13,8.251148265018214e-13,0.6347411936280519,1.0,1.0,1.0,0.008448635703163725,1.0,1.0,1.0
4.4175295245651203e-20,2.528763861646335e-18,3.275781371486377e-13,4.319714279404969e-13,1.0,1.0,1.0,1.0,1.0,1.0,1.0,1.0,1.5600354820523827e-16,7.704072194965567e-15,2.652116106460861e-11,2.1538248527921463e-11,1.0,1.0,1.0,1.0,1.0,1.0,1.0,1.0,4.573910767598257e-22,1.8395441953047874e-20,1.5758984450048204e-15,2.9547139795583173e-16,0.09540330768915256,1.0,1.0,1.0,0.001696938348633754,1.0,1.0,1.0,9.903309748238144e-29,4.5758234835071955e-28,2.602488195193072e-27,4.1925074267271824e-27,4.906292764632085e-09,8.912472243106037e-10,1.2615043416462553e-08,2.388361935644928e-08,1.9017481553719953e-07,3.013058716521162e-07,6.785685963413172e-08,1.4410804963160285e-07,2.0240539240646884e-25,5.715026225254789e-25,2.3358479870505886e-23,5.629721053466586e-23,0.5930420737287384,1.0,0.0011051767331071184,0.0018440819028292582,5.51662290068865e-06,0.6171146861638155,0.015894690123746776,0.015381072644286887,6.536361864250951e-19,6.986259059815302e-18,2.4855705982349444e-11,6.696015404794977e-12,1.0,0.0021417060045805657,0.1882523047778768,0.01322917014531282,0.0013588446496076388,0.012882797008925048,1.0,1.0,1.4145232227372348e-21,7.288439650345974e-21,4.916427995451888e-16,4.272792802375443e-15,0.05927180734435695,1.0,1.0,1.0,0.00040413594431855946,1.0,1.0,1.0
1.8137375527861028e-25,1.670143377784347e-23,1.0042539332736747e-17,1.377510507588333e-17,1.0,1.0,1.0,1.0,0.035982989061757176,1.0,1.0,1.0,1.725695835995455e-21,1.4126656959725623e-19,1.536095971007494e-15,1.2123081128604212e-15,1.0,1.0,1.0,1.0,1.0,1.0,1.0,1.0,1.1195979365365014e-27,6.826837014048247e-26,2.3437532589899394e-20,3.537966996194576e-21,0.00043188391422983624,0.16325112267184574,0.10572791852639553,0.2658120456928437,2.66462503446005e-06,0.3557940351639683,1.0,1.0,4.883570511501081e-35,2.62463162046424e-34,1.7788692207730976e-33,3.0082952877589786e-33,6.468074280060802e-13,8.91061379452909e-14,1.9455291552902247e-12,4.111949570503481e-12,4.6988684800988055e-11,8.079685289128941e-11,1.3935736807417549e-11,3.391022778787398e-11,2.162179002255792e-31,6.805614011606455e-31,4.121935125698365e-29,1.0925614592558774e-28,0.0047574607882031736,0.3600909781279386,1.565257320946006e-06,2.952281315426489e-06,2.552263829295986e-09,0.005010126398485748,4.3568501195881564e-05,4.1864428503191125e-05,3.671034321386554e-24,5.229003656538752e-23,1.426895639605983e-15,3.1656586604793416e-16,0.01988151911164387,3.5596128282554526e-06,0.0010444784903197721,3.466715210062334e-05,2.0253966931283177e-06,3.3502783865731254e-05,1.0,1.0,3.9170532776550514e-27,2.4335025610010514e-26,6.282007862799409e-21,7.243321442176349e-20,0.0002325590470855656,0.8188412674572789,0.08962438577401217,0.1381461140962244,4.533207208429637e-07,0.3046991680485004,1.0,1.0
2.6239454276731214e-25,2.382592959119822e-23,1.3735157399182252e-17,1.8807857961324e-17,1.0,1.0,1.0,1.0,0.04137322531626362,1.0,1.0,1.0,2.4283633438831546e-21,1.9611471073491826e-19,2.0625772598603237e-15,1.6265982639524536e-15,1.0,1.0,1.0,1.0,1.0,1.0,1.0,1.0,1.6434291197231393e-27,9.910325775676147e-26,3.270792818290759e-20,4.9702915799088765e-21,0.0005120233822536083,0.1855175345619895,0.12072174359110355,0.30078334828781894,3.2639842306843448e-06,0.40156448702193426,1.0,1.0,7.503809497112823e-35,4.015803239540891e-34,2.7085185405877396e-33,4.57295495159114e-33,8.470988429325139e-13,1.177659707329152e-13,2.5402354740622735e-12,5.352681242348708e-12,6.057464425864386e-11,1.0388119703899542e-10,1.806264464322369e-11,4.3820893574817846e-11,3.2513143087002663e-31,1.0193811784295977e-30,6.111374721419798e-29,1.6155557278146761e-28,0.005551684142531255,0.4058635073665721,1.917965760513148e-06,3.605446177749351e-06,3.230792996337922e-09,0.005841400452141705,5.2509804484545686e-05,5.040208853008561e-05,5.260900038773257e-24,7.429317743594563e-23,1.915849288723832e-15,4.280411647004526e-16,0.022974966781223762,4.351795158107124e-06,0.0012289085803419576,4.180069653807971e-05,2.4855509421227013e-06,4.0422374622381185e-05,1.0,1.0,5.727807400461746e-27,3.543142215396972e-26,8.801128394222044e-21,1.0068291064935002e-19,0.00027765303556880045,0.9155275036168024,0.10201045078700455,0.1572130286974593,5.606242026495257e-07,0.34479156767215224,1.0,1.0
1.0535966593501667e-11,2.4803443504904315e-10,1.9134187165377735e-06,2.3509223907002107e-06,1.0,1.0,1.0,1.0,1.0,1.0,1.0,1.0,5.976527309955584e-09,1.1600802772880714e-07,4.809429914637685e-05,4.145192300196025e-05,1.0,1.0,1.0,1.0,1.0,1.0,0.4104602868267057,0.44797817968983045,2.8511027134156745e-13,5.281996519383109e-12,3.4841722877676805e-08,9.729620308892585e-09,1.0,1.0,1.0,1.0,1.0,1.0,1.0,1.0,1.1804865329165652e-18,4.122176009287348e-18,1.7015370392706128e-17,2.5107743440398595e-17,0.0019510553340291931,0.0005932210478386415,0.0037825383691826196,0.00584808093971567,0.023811845376625774,0.03246478558380423,0.011901017274962547,0.01981460995649816,5.820645136392337e-16,1.347377579629947e-15,2.6539988895617832e-14,5.3672120117217117e-14,1.0,1.0,1.0,1.0,0.21506474092949376,1.0,1.0,1.0,8.671838790680429e-11,5.467099887568186e-10,4.5889083900396844e-05,1.7741068461750546e-05,1.0,1.0,1.0,1.0,1.0,1.0,1.0,1.0,6.956795778275419e-13,2.5428687964634173e-12,1.4335272621283597e-08,7.439087588503272e-08,1.0,1.0,1.0,1.0,1.0,1.0,1.0,1.0
3.0281003021518086e-18,1.4443354126312242e-16,1.0675400706828668e-11,1.3884502840176839e-11,1.0,1.0,1.0,1.0,1.0,1.0,1.0,1.0,7.41538178284084e-15,3.0335122243550485e-13,6.829550676860474e-10,5.615102168441972e-10,1.0,1.0,1.0,1.0,1.0,1.0,1.0,1.0,3.7912624337671585e-20,1.3090986343271433e-18,6.715310039608395e-14,1.3610083252136842e-14,0.4902817099582448,1.0,1.0,1.0,0.01298921356197744,1.0,1.0,1.0,1.477614956457835e-26,6.461375020685333e-26,3.446200133504e-25,5.453467917065946e-25,9.360667038587907e-08,1.8718335884032875e-08,2.2667939258010796e-07,4.135889793026381e-07,2.873698941164331e-06,4.416703559602528e-06,1.0963363317075886e-06,2.214908110036486e-06,2.2733186991562982e-23,6.168076311178772e-23,2.1830109523009486e-21,5.07382392342062e-21,1.0,1.0,0.008770726828458975,0.013995938850311411,6.63654056940534e-05,1.0,0.09844245787984483,0.09555495313274184,3.9719542013977734e-17,3.818150270604019e-16,6.430132588593247e-10,1.8640292156068928e-10,1.0,0.016075124885087996,0.9099178802833686,0.08368733975060705,0.010630243370804565,0.08157645654784372,1.0,1.0,1.1175712927271568e-19,5.392345329932369e-19,2.2094648747257637e-14,1.734421756354803e-13,0.31876720718066665,1.0,1.0,1.0,0.0034889734594106296,1.0,1.0,1.0
3.511978582105769e-27,3.730185723259631e-25,3.5344338639914335e-19,4.906761977990756e-19,1.0,1.0,0.6167182563679299,0.8193414148518057,0.00768933643527339,1.0,1.0,1.0,4.483227400939534e-23,4.264132373754486e-21,6.52154928569398e-17,5.093743618645951e-17,1.0,1.0,1.0,1.0,0.4104602868267057,1.0,1.0,1.0,1.8598407137851962e-29,1.2827756478590294e-27,6.637555300855333e-22,9.407294012430778e-23,6.652863673199177e-05,0.03995672390949054,0.02495869964993678,0.06837113869148921,3.018578924635405e-07,0.09392954492043572,1.0,1.0,5.045409090979412e-37,2.8349073156568144e-36,2.0221932677613517e-35,3.4695634368842833e-35,3.51070990109602e-14,4.4417988126921006e-15,1.1092097858085564e-13,2.4223426625207703e-13,3.0592929206691708e-12,5.392930639330041e-12,8.611719678903253e-13,2.1770053628342512e-12,2.8027075004891164e-33,9.115682385705017e-33,6.224806049065794e-31,1.6964408616368583e-30,0.00086970281089093,0.09516904488448472,1.7224452340850195e-07,3.3579902486802167e-07,2.0063349622857586e-10,0.0009198937094641239,5.796473828596233e-06,5.548705664461555e-06,7.819438114555557e-26,1.2107314658529648e-24,6.040722732974133e-17,1.267667608051382e-17,0.004054170315417873,4.0965917275152156e-07,0.00017139200599977042,4.540817526955935e-06,2.260971300727851e-07,4.377283200226436e-06,1.0,1.0,6.758109461097353e-29,4.435009307370144e-28,1.7010472589092897e-22,2.1381126587290162e-21,3.454583032603781e-05,0.2304712483669635,0.02074528679211711,0.03332736664043695,4.656567606358124e-08,0.07947711490014557,1.0,1.0
4.595140374712301e-27,4.835941281521809e-25,4.448241942846366e-19,6.168722747489878e-19,1.0,1.0,0.6701171847249481,0.8886925743833048,0.008557046850652714,1.0,1.0,1.0,5.750214604867502e-23,5.419549376507677e-21,8.097361247807964e-17,6.330446581832975e-17,1.0,1.0,1.0,1.0,0.44797817968983045,1.0,1.0,1.0,2.4593353349048347e-29,1.682276804985273e-27,8.476191315329008e-22,1.2060960771122574e-22,7.572277658846441e-05,0.044130187565667306,0.027680057657064754,0.0752045313846995,3.506216995219397e-07,0.10283243121434689,1.0,1.0,6.892928545993425e-37,3.861388583251776e-36,2.744916612641035e-35,4.705073206290329e-35,4.288846869593023e-14,5.4543179614399885e-15,1.351303617513339e-13,2.937838302573672e-13,3.692602990920417e-12,6.503225833357718e-12,1.0421191353451494e-12,2.6275183256275287e-12,3.769830159449725e-33,1.2238364016224228e-32,8.284736623354668e-31,2.2548639472795354e-30,0.0009784882344576423,0.10412162903406869,2.0070584888184584e-07,3.9036073707495525e-07,2.3893442519999923e-10,0.0010322381716580205,6.65370939122428e-06,6.373048014461977e-06,1.0176101342266757e-25,1.5662539238777431e-24,7.497027014608075e-17,1.5808374803839232e-17,0.004535055214965778,4.7493656943449453e-07,0.00019412571384909712,5.226001507912083e-06,2.632027651548587e-07,5.0385000033592184e-06,1.0,1.0,8.922007074709083e-29,5.830172770750548e-28,2.1774199599839697e-22,2.7191899075245656e-21,3.947782118611027e-05,0.2509244932748991,0.0229805565351213,0.0367855585310796,5.450649217482892e-08,0.08724635862349708,1.0,1.0
1.0,1.0,1.0,1.0,6.809442361186659e-19,2.925138897220508e-21,1.1217070001774202e-13,5.743489914821974e-14,5.532620103150882e-10,3.3490792740791077e-18,1.4729289870760003e-24,5.726769276091384e-24,1.0,1.0,1.0,1.0,2.4798953773317675e-19,4.573910767598257e-22,1.1195979365365014e-27,1.6434291197231393e-27,2.8511027134156745e-13,3.7912624337671585e-20,1.8598407137851962e-29,2.4593353349048347e-29,1.0,1.0,1.0,1.0,3.4459024784849645e-07,3.33870396910104e-11,7.754338516755957e-11,1.225672538935287e-11,7.463218273116199e-05,6.589963996275145e-12,1.1709130709025884e-24,4.2155929757918495e-24,1.0,1.0,1.0,1.0,0.9952249292929813,1.0,0.6186994304225539,0.44184685592172984,0.13754632634772435,0.10351222698171281,0.250394518486927,0.16208022608682496,1.0,1.0,1.0,1.0,1.3722945639860705e-08,6.426343913608464e-12,0.00011969141626824347,6.805771461008995e-05,0.014283494122268104,1.2700723475111314e-08,4.786352580804766e-06,4.998886923890104e-06,1.0,1.0,1.0,1.0,1.502018290148182e-09,5.739779944993859e-05,1.1165037009920635e-07,6.1052576388463855e-06,9.530196718238126e-05,6.325937497662063e-06,1.407892785042052e-15,2.7840439149960036e-14,1.0,1.0,1.0,1.0,7.269814537691055e-07,1.036663307048716e-12,1.0674401214398137e-10,4.6573565053333236e-11,0.00034460670805657687,9.16441706132219e-12,3.429221195967947e-24,1.068431665964788e-24
1.0,1.0,1.0,1.0,2.110202056126197e-17,1.1028832264380944e-19,2.162750321805934e-12,1.137178614586766e-12,7.25699945538603e-09,9.773995092583846e-17,7.154236416115504e-23,2.660616035960213e-22,1.0,1.0,1.0,1.0,7.986838142123142e-18,1.8395441953047874e-20,6.826837014048247e-26,9.910325775676147e-26,5.281996519383109e-12,1.3090986343271433e-18,1.2827756478590294e-27,1.682276804985273e-27,1.0,1.0,1.0,1.0,3.252983222347306e-06,5.017464866813963e-10,1.1211211538616765e-09,1.9285807975545933e-10,0.0005104131776785088,1.0674401214398137e-10,5.731104549803918e-23,1.976921197439251e-22,1.0,1.0,1.0,1.0,1.0,1.0,1.0,1.0,0.5279856140927814,0.4064120621191021,0.9195007915974731,0.6151380709600415,1.0,1.0,1.0,1.0,1.5399019946819177e-07,1.0425029340519795e-10,0.0007965865760345448,0.0004683999226534317,0.0669466861112752,1.430268488337139e-07,3.8956211797792254e-05,4.056354644635995e-05,1.0,1.0,1.0,1.0,1.8718335884032875e-08,0.00039901802885889163,1.1188982084526977e-06,4.8876576757452294e-05,0.0006413295982525353,5.057665144743412e-05,3.2600586714548444e-14,5.705803592590649e-13,1.0,1.0,1.0,1.0,6.5611022732364914e-06,1.825066965097702e-11,1.5221020686050683e-09,6.878827635871053e-10,0.0021153759877502506,1.461853361281195e-10,1.6185055280517776e-22,5.246456044826759e-23
1.0,1.0,1.0,1.0,7.638100598696444e-13,7.637826588758793e-15,1.6270533344334832e-08,9.412282648740697e-09,1.5286776433318124e-05,2.908455366162339e-12,1.1586304195747171e-17,3.723447552131448e-17,1.0,1.0,1.0,1.0,3.2675854545970774e-13,1.5758984450048204e-15,2.3437532589899394e-20,3.270792818290759e-20,3.4841722877676805e-08,6.715310039608395e-14,6.637555300855333e-22,8.476191315329008e-22,1.0,1.0,1.0,1.0,0.0022348528168310267,1.6295160155983856e-06,3.2034363624631768e-06,7.314582674096605e-07,0.11917250660445629,4.440988311903624e-07,9.508804710522995e-18,2.859514327020238e-17,1.0,1.0,1.0,1.0,1.0,1.0,1.0,1.0,1.0,1.0,1.0,1.0,1.0,1.0,1.0,1.0,0.00018901939322182236,4.350600882167416e-07,0.1675354417292454,0.11159239220296041,1.0,0.000177866803057826,0.016142768206687017,0.01668927309954198,1.0,1.0,1.0,1.0,3.355437680596636e-05,0.09881113126211342,0.0009533504768590727,0.019391801332468216,0.14217774077685608,0.019902042513009772,4.47346077713624e-10,5.209617782032409e-09,1.0,1.0,1.0,1.0,0.003959615197058023,9.98957766018204e-08,4.1340316302133095e-06,2.123718011252118e-06,0.3515448018664333,5.797777653150907e-07,2.3939138885531658e-17,8.795661046040411e-18
1.0,1.0,1.0,1.0,1.64299240197359e-13,1.481870543596701e-15,4.464042656183989e-09,2.5500682809009096e-09,5.0889744060968e-06,6.443006905402421e-13,1.971682600925973e-18,6.475480759783572e-18,1.0,1.0,1.0,1.0,6.888542841612813e-14,2.9547139795583173e-16,3.537966996194576e-21,4.9702915799088765e-21,9.729620308892585e-09,1.3610083252136842e-14,9.407294012430778e-23,1.2060960771122574e-22,1.0,1.0,1.0,1.0,0.0008954636601918387,5.088256939897929e-07,1.0183968026918285e-06,2.2266593688781859e-07,0.05635507063746395,1.334314457593182e-07,1.6124964119269356e-18,4.949096538307012e-18,1.0,1.0,1.0,1.0,1.0,1.0,1.0,1.0,1.0,1.0,1.0,1.0,1.0,1.0,1.0,1.0,6.868717788868795e-05,1.3068977321352847e-07,0.0803612574996811,0.05249136005163767,1.0,6.461725683164763e-05,0.006948423769187787,0.0071821399331334565,1.0,1.0,1.0,1.0,1.147566108613349e-05,0.04611002719708748,0.00036638932657581484,0.0084000664542517,0.06774877054450047,0.008622207352179508,1.1130232928127037e-10,1.3887867374184054e-09,1.0,1.0,1.0,1.0,0.0015974825310464,2.8705665328861202e-08,1.3260278993395158e-06,6.694617962637918e-07,0.1749283473578385,1.753096417170645e-07,4.127612278223342e-18,1.4878990964491018e-18
5.496098225644557e-06,5.958861501063125e-05,0.03810351399923655,0.0438813724688498,1.0,0.19248252026522603,1.0,1.0,1.0,1.0,0.009589533726687173,0.01679890506633333,0.0006254517715290535,0.005314920754749265,0.33188273650033373,0.30078334828781894,0.9579012485268589,0.09540330768915256,0.00043188391422983624,0.0005120233822536083,1.0,0.4902817099582448,6.652863673199177e-05,7.572277658846441e-05,3.4459024784849645e-07,3.252983222347306e-06,0.0022348528168310267,0.0008954636601918387,1.0,1.0,1.0,1.0,1.0,1.0,0.008718602927492481,0.014793466391621553,1.9298400422181593e-11,5.284368574776081e-11,1.6430345269496793e-10,2.2396179065300453e-10,1.0,1.0,1.0,1.0,1.0,1.0,1.0,1.0,2.7242282593686953e-09,5.262823738865844e-09,5.461160032204003e-08,9.453731254707205e-08,1.0,1.0,1.0,1.0,1.0,1.0,1.0,1.0,2.7085846403534753e-05,0.00010702626976045338,0.32178486514587873,0.17184227632922522,1.0,1.0,1.0,1.0,1.0,1.0,1.0,1.0,6.877149001212965e-07,1.858263953069561e-06,0.0011790663090490059,0.0038749730550219873,1.0,1.0,1.0,1.0,1.0,1.0,0.013587689622398754,0.00840512971063985
9.493230058901099e-10,1.7456183971794686e-08,6.248903109126386e-05,7.51032994314588e-05,1.0,1.0,1.0,1.0,1.0,1.0,1.0,1.0,3.2564668467964595e-07,4.8848936763130125e-06,0.001125217184305491,0.0009888462543458441,1.0,1.0,0.16325112267184574,0.1855175345619895,1.0,1.0,0.03995672390949054,0.044130187565667306,3.33870396910104e-11,5.017464866813963e-10,1.6295160155983856e-06,5.088256939897929e-07,1.0,1.0,1.0,1.0,1.0,1.0,1.0,1.0,3.114023819945588e-16,1.0092706191610175e-15,3.813190479622744e-15,5.485356378428933e-15,0.030316167623111796,0.010533815961178292,0.05353502764284659,0.07865931499967116,0.26360493893654824,0.34294247921988374,0.14503855690291895,0.22546310535682765,1.041674615937583e-13,2.2836824666279194e-13,3.663600769431155e-12,7.045886306295173e-12,1.0,1.0,1.0,1.0,1.0,1.0,1.0,1.0,6.62619836789128e-09,3.6125027237633664e-08,0.0010808739821841367,0.0004625101112334408,1.0,1.0,1.0,1.0,1.0,1.0,1.0,1.0,7.669072087690995e-11,2.5461502196632525e-10,7.26481037128844e-07,3.2550583602653336e-06,1.0,1.0,1.0,1.0,1.0,1.0,1.0,1.0
2.0990809343923054e-09,3.6962825067365356e-08,0.00011418483252920508,0.0001368584826662067,1.0,1.0,1.0,1.0,1.0,1.0,1.0,1.0,6.56686862549968e-07,9.3881661713389e-06,0.0019369507298500086,0.0016990530961459576,1.0,1.0,0.10572791852639553,0.12072174359110355,1.0,1.0,0.02495869964993678,0.027680057657064754,7.754338516755957e-11,1.1211211538616765e-09,3.2034363624631768e-06,1.0183968026918285e-06,1.0,1.0,1.0,1.0,1.0,1.0,1.0,1.0,8.420000600095083e-16,2.6831760850585665e-15,9.978442973290566e-15,1.4308930917486886e-14,0.048065214547030014,0.0172397809062046,0.08409219831025232,0.12168395898838348,0.39548872986708977,0.5124674012531135,0.2219022161090551,0.3386100745828582,2.618221169017133e-13,5.659658937786844e-13,8.782201132272012e-12,1.674119946796539e-11,1.0,1.0,1.0,1.0,1.0,1.0,1.0,1.0,1.4227300548074073e-08,7.574054364992122e-08,0.001859641409266344,0.0008130039209740498,1.0,1.0,1.0,1.0,1.0,1.0,1.0,1.0,1.7573940755669026e-10,5.749386129724705e-10,1.4423657232529346e-06,6.298639878992551e-06,1.0,1.0,1.0,1.0,1.0,1.0,1.0,1.0
3.6918783711474665e-10,7.164176921105778e-09,3.0316674296425993e-05,3.6686773873357324e-05,1.0,1.0,1.0,1.0,1.0,1.0,1.0,1.0,1.4131219506627565e-07,2.2328642300509747e-06,0.0005876579246343114,0.0005120233822536083,1.0,1.0,0.2658120456928437,0.30078334828781894,1.0,1.0,0.06837113869148921,0.0752045313846995,1.225672538935287e-11,1.9285807975545933e-10,7.314582674096605e-07,2.2266593688781859e-07,1.0,1.0,1.0,1.0,1.0,1.0,1.0,1.0,9.594094283262763e-17,3.1568520151758224e-16,1.219349278723459e-15,1.762698089132079e-15,0.017221786407301664,0.005825127345912198,0.031239500489665544,0.046119187837970865,0.16183622566137154,0.21298819227088706,0.08716968138492258,0.13733562855942527,3.491353840206082e-14,7.739576534056976e-14,1.2969009216071796e-12,2.5236435889381537e-12,1.0,1.0,1.0,1.0,1.0,1.0,1.0,1.0,2.6797903573798867e-09,1.5003433396304254e-08,0.0005633602497166998,0.00023461999712473772,1.0,1.0,1.0,1.0,1.0,1.0,1.0,1.0,2.854069747744247e-11,9.709564745215305e-11,3.2041532241700933e-07,1.4765621233928138e-06,1.0,1.0,1.0,1.0,1.0,1.0,1.0,1.0
0.0007990504330764177,0.005947006326851125,1.0,1.0,0.046197383736552265,0.004055550140229807,1.0,1.0,1.0,0.09121841617606397,0.00010535572462203719,0.00020626114269984023,0.04207194722657427,0.23971397325218674,1.0,1.0,0.029963781656499155,0.001696938348633754,2.66462503446005e-06,3.2639842306843448e-06,1.0,0.01298921356197744,3.018578924635405e-07,3.506216995219397e-07,7.463218273116199e-05,0.0005104131776785088,0.11917250660445629,0.05635507063746395,1.0,1.0,1.0,1.0,1.0,1.0,9.402990044514723e-05,0.0001772821150207907,1.4238828767926379e-08,3.469277404912151e-08,9.460863907547892e-08,1.243779237452844e-07,1.0,1.0,1.0,1.0,1.0,1.0,1.0,1.0,1.1121278231516762e-06,1.9772685184789925e-06,1.5216392547557085e-05,2.444248435787241e-05,1.0,1.0,1.0,1.0,1.0,1.0,1.0,1.0,0.003066592691504375,0.00971675862733015,1.0,1.0,1.0,1.0,1.0,1.0,1.0,1.0,1.0,1.0,0.0001349274965714253,0.0003177407468539335,0.07104854474574605,0.1852423412891337,1.0,1.0,1.0,1.0,1.0,1.0,0.00016018440418002488,8.984649659552014e-05
2.0563919684247069e-10,4.13272395199207e-09,1.933593471037606e-05,2.344876783195973e-05,1.0,1.0,1.0,1.0,1.0,1.0,1.0,1.0,8.432439686780238e-08,1.379581136478355e-06,0.00039163258321549396,0.0003406840796003839,1.0,1.0,0.3557940351639683,0.40156448702193426,1.0,1.0,0.09392954492043572,0.10283243121434689,6.589963996275145e-12,1.0674401214398137e-10,4.440988311903624e-07,1.334314457593182e-07,1.0,1.0,1.0,1.0,1.0,1.0,1.0,1.0,4.644322895103713e-17,1.5411038078121503e-16,6.017583392470654e-16,8.743736720419087e-16,0.012112802433230865,0.0040325160644613285,0.022142462982609534,0.03319352961506549,0.11880282461098358,0.1572130286974593,0.06335915531600844,0.10037036044126316,1.776279292806232e-14,3.9646872538669165e-14,6.845064068063709e-13,1.3363360064608071e-12,1.0,1.0,1.0,1.0,0.8809761284668398,1.0,1.0,1.0,1.525325195259212e-09,8.716415955270333e-09,0.0003748515672860653,0.00015405384698896537,1.0,1.0,1.0,1.0,1.0,1.0,1.0,1.0,1.5478834434233342e-11,5.3383804866823256e-11,1.9268275629142253e-07,9.072012041012298e-07,1.0,1.0,1.0,1.0,1.0,1.0,1.0,1.0
1.4433256712153049e-22,1.0345505852502515e-20,2.7857249248200487e-15,3.746062157707346e-15,1.0,1.0,1.0,1.0,0.4037157827100351,1.0,1.0,1.0,8.193194824230341e-19,5.132673025323682e-17,3.0497932852605037e-13,2.4493281911798744e-13,1.0,1.0,1.0,1.0,1.0,1.0,1.0,1.0,1.1709130709025884e-24,5.731104549803918e-23,9.508804710522995e-18,1.6124964119269356e-18,0.008718602927492481,1.0,1.0,1.0,9.402990044514723e-05,1.0,1.0,1.0,1.1864955371146616e-31,5.8861978188551e-31,3.6330523955543995e-30,5.992037211024505e-30,8.355722726474014e-11,1.327344171942777e-11,2.314775658586366e-10,4.625921194567676e-10,4.353111329081847e-09,7.158234532759231e-09,1.4267482130378009e-09,3.230792996337922e-09,3.49306642033521e-28,1.0391535898521671e-27,5.123588406808943e-26,1.2907886150648497e-25,0.07126888881947073,1.0,5.835722848035186e-05,0.00010296901727312497,1.701885170826834e-07,0.07457873002099412,0.0011405028462059287,0.001101380094151414,2.4792945184196895e-21,3.039426383039153e-20,2.8511027134156745e-13,7.017420429677982e-14,0.24437019400988133,0.00012169631700313013,0.019056691294996698,0.0009350442729992315,7.359508795557032e-05,0.0009065832644470247,1.0,1.0,3.837189940786296e-24,2.1604429736497214e-23,2.7646171658242812e-18,2.7440889527418782e-17,0.00506769414532702,1.0,0.8930969230478037,1.0,1.905578327203571e-05,1.0,1.0,1.0
4.936535252466912e-22,3.377923131372931e-20,7.794130301373177e-15,1.0423829591525734e-14,1.0,1.0,1.0,1.0,0.6179067514491173,1.0,1.0,1.0,2.54043702678322e-18,1.5105210207346397e-16,7.997388425262477e-13,6.436122262698708e-13,1.0,1.0,1.0,1.0,1.0,1.0,1.0,1.0,4.2155929757918495e-24,1.976921197439251e-22,2.859514327020238e-17,4.949096538307012e-18,0.014793466391621553,1.0,1.0,1.0,0.0001772821150207907,1.0,1.0,1.0,5.016539034258673e-31,2.448185455474751e-30,1.4869942343624695e-29,2.4401452855144118e-29,2.017833717986651e-10,3.304652163572229e-11,5.513681581361426e-10,1.0897972374512719e-09,9.866687905956534e-09,1.6123107283311338e-08,3.2937937866927183e-09,7.342153940401466e-09,1.3656478773328796e-27,4.016899045815181e-27,1.9051341746337882e-25,4.755871502380344e-25,0.1137763839725816,1.0,0.00011107608847287776,0.00019385140710701532,3.6273721599121594e-07,0.11890303168360582,0.002034736206497013,0.0019618810486949564,8.213611426618373e-21,9.785467815799009e-20,7.470977783685276e-13,1.8813636979353054e-13,0.3757848661815846,0.0002288099694873402,0.03178238835555845,0.0016657562545108787,0.00013934087367177374,0.0016161987054726635,1.0,1.0,1.365206608457393e-23,7.5354419005497e-23,8.436031558178695e-18,8.133193210573541e-17,0.00871600306919709,1.0,1.0,1.0,3.7215453647616334e-05,1.0,1.0,1.0
1.0,1.0,0.6437277321476618,0.5713127333463613,3.9456253866989304e-25,8.085929288378212e-28,3.9852924623721746e-19,1.82784719161292e-19,8.608218490117392e-15,2.4318826597944818e-24,1.536240584386646e-31,7.077962063905825e-31,1.0,1.0,0.08107785104454346,0.09022253816392159,1.249963105094525e-25,9.903309748238144e-29,4.883570511501081e-35,7.503809497112823e-35,1.1804865329165652e-18,1.477614956457835e-26,5.045409090979412e-37,6.892928545993425e-37,1.0,1.0,1.0,1.0,1.9298400422181593e-11,3.114023819945588e-16,8.420000600095083e-16,9.594094283262763e-17,1.4238828767926379e-08,4.644322895103713e-17,1.1864955371146616e-31,5.016539034258673e-31,1.0,1.0,1.0,1.0,0.003586558349346531,0.010851675153769539,0.0018527451875589539,0.001167283590702805,0.00023538503158453838,0.00016101710505042448,0.0005351663435351373,0.0002950701157403176,1.0,1.0,1.0,1.0,3.964929626066337e-13,4.5077028490743676e-17,2.5759364621472503e-08,1.2700723475111314e-08,1.1583011828217175e-05,3.6156150253742483e-13,4.785203560624666e-10,5.047494706938067e-10,1.0,1.0,0.0838221229058185,0.16209805216539086,2.816026329566762e-14,1.024407907813751e-08,4.923543644680088e-12,6.452148782974964e-10,1.9302926127237786e-08,6.749003880326701e-10,2.500383430163753e-21,7.896392964103393e-20,1.0,1.0,1.0,1.0,4.7846665896618323e-11,5.340653440945388e-18,1.230184917369034e-15,4.608873029803713e-16,9.716164693955661e-08,6.825419306176514e-17,3.972318705238516e-31,1.0705199822881945e-31
1.0,1.0,1.0,0.9076766223626215,1.659225742634422e-24,3.644180944289089e-27,1.414204594280455e-18,6.556097126805241e-19,2.6570274724256664e-14,1.0013403972840015e-23,7.594349777829714e-31,3.444759941367865e-30,1.0,1.0,0.13616168443151414,0.1510816499963495,5.3229446390383495e-25,4.5758234835071955e-28,2.62463162046424e-34,4.015803239540891e-34,4.122176009287348e-18,6.461375020685333e-26,2.8349073156568144e-36,3.861388583251776e-36,1.0,1.0,1.0,1.0,5.284368574776081e-11,1.0092706191610175e-15,2.6831760850585665e-15,3.1568520151758224e-16,3.469277404912151e-08,1.5411038078121503e-16,5.8861978188551e-31,2.448185455474751e-30,1.0,1.0,1.0,1.0,0.006612797164034469,0.019457370834077902,0.0034960609536396747,0.002216894067369704,0.000467344312960125,0.00032274020555259064,0.001036724199035864,0.0005810986678094942,1.0,1.0,1.0,1.0,1.151157887405116e-12,1.4968661239905602e-16,6.21712889606421e-08,3.09755658693427e-08,2.4630458529486925e-05,1.0505345532548163e-12,1.2393195096466079e-09,1.3065047637364643e-09,1.0,1.0,0.14037143365875093,0.2656137253090596,8.547295485944699e-14,2.508250597966694e-08,1.377779321927967e-11,1.659936162683221e-09,4.687276938316654e-08,1.734321369319782e-09,9.460096063723878e-21,2.862994193243435e-19,1.0,1.0,1.0,1.0,1.2861876385177435e-10,1.827830505588818e-17,3.899089373883585e-15,1.483652170292428e-15,2.2735267684343361e-07,2.25643205929808e-16,1.943868008893054e-30,5.316501365657542e-31
1.0,1.0,1.0,1.0,8.485382970574358e-24,2.0218018202176155e-26,5.933825571652832e-18,2.78647560695026e-18,9.517077038938718e-14,4.998348168065326e-23,4.677027446039619e-30,2.0830355804012295e-29,1.0,1.0,0.24219663509917136,0.2663708733857838,2.7645614974122175e-24,2.602488195193072e-27,1.7788692207730976e-33,2.7085185405877396e-33,1.7015370392706128e-17,3.446200133504e-25,2.0221932677613517e-35,2.744916612641035e-35,1.0,1.0,1.0,1.0,1.6430345269496793e-10,3.813190479622744e-15,9.978442973290566e-15,1.219349278723459e-15,9.460863907547892e-08,6.017583392470654e-16,3.6330523955543995e-30,1.4869942343624695e-29,1.0,1.0,1.0,1.0,0.013086059752106251,0.037157027372902204,0.007065057703017647,0.004582079994852096,0.0010041358564994054,0.0007010408690183334,0.0021683497871127526,0.0012331150447925747,1.0,1.0,1.0,1.0,3.8568793952828096e-12,5.8457542955585855e-16,1.67022373663523e-07,8.471006153265947e-08,5.742833974919107e-05,3.5267436021940126e-12,3.616006027149347e-09,3.806534678891706e-09,1.0,1.0,0.2496576106661903,0.4610808677772976,2.9916745480101865e-13,6.901110962038536e-08,4.409541453999393e-11,4.821367005054945e-09,1.268463434421273e-07,5.031021431385376e-09,4.285107072698597e-20,1.233944043808806e-18,1.0,1.0,1.0,1.0,3.9378710679187485e-10,7.37024483076969e-17,1.4410609720765384e-14,5.566439769896233e-15,5.947517208924647e-07,8.754343937948361e-16,1.1836431828262321e-29,3.286401978902808e-30
1.0,1.0,1.0,1.0,1.328494310005819e-23,3.237223396362973e-26,8.795661046040411e-18,4.139799669926134e-18,1.349811049140166e-13,7.754550448907464e-23,7.707316751603687e-30,3.415314012206471e-29,1.0,1.0,0.2818166737456068,0.3107205293921044,4.341281948698451e-24,4.1925074267271824e-27,3.0082952877589786e-33,4.57295495159114e-33,2.5107743440398595e-17,5.453467917065946e-25,3.4695634368842833e-35,4.705073206290329e-35,1.0,1.0,1.0,1.0,2.2396179065300453e-10,5.485356378428933e-15,1.4308930917486886e-14,1.762698089132079e-15,1.243779237452844e-07,8.743736720419087e-16,5.992037211024505e-30,2.4401452855144118e-29,1.0,1.0,1.0,1.0,0.015765794097655616,0.04423848412609709,0.008554482607909782,0.005558063282907598,0.0012289085803419576,0.0008670309645999487,0.0026558528460027277,0.0015166060704932091,1.0,1.0,1.0,1.0,5.365447750421463e-12,8.495178768481028e-16,2.1863539278328058e-07,1.1143989456255815e-07,7.22233400652989e-05,4.911808583867185e-12,4.843031521177269e-09,5.0947883755195234e-09,1.0,1.0,0.2907472696419852,0.5362653123516848,4.212471473017193e-13,9.09015071072867e-08,6.057464425864386e-11,6.4418661847049964e-09,1.665233411088554e-07,6.720291032384325e-09,6.487421700974013e-20,1.841857093208173e-18,1.0,1.0,1.0,1.0,5.347976456592458e-10,1.0799276717243472e-16,2.0635934209017593e-14,8.00384577839246e-15,7.726254213929862e-07,1.2698868182423716e-15,1.9444200576935372e-29,5.420568056322857e-30
1.0,1.0,1.0,1.0,6.195237712907569e-07,1.7000269371691464e-08,0.001125217184305491,0.0007575282902631144,0.13963057937779066,1.7348059103355292e-06,9.794988072737419e-11,2.489003845176667e-10,1.0,1.0,1.0,1.0,3.2100124900256726e-07,4.906292764632085e-09,6.468074280060802e-13,8.470988429325139e-13,0.0019510553340291931,9.360667038587907e-08,3.51070990109602e-14,4.288846869593023e-14,0.9952249292929813,1.0,1.0,1.0,1.0,0.030316167623111796,0.048065214547030014,0.017221786407301664,1.0,0.012112802433230865,8.355722726474014e-11,2.017833717986651e-10,0.003586558349346531,0.006612797164034469,0.013086059752106251,0.015765794097655616,1.0,1.0,1.0,1.0,1.0,1.0,1.0,1.0,0.06820911496445517,0.0992667834555142,0.3651624000690737,0.4928497961917965,0.7435935678733535,0.01195532616460692,1.0,1.0,1.0,0.7140721463055562,1.0,1.0,1.0,1.0,1.0,1.0,0.23689281113847255,1.0,1.0,1.0,1.0,1.0,7.907544650534515e-05,0.0004903013451763151,1.0,1.0,1.0,1.0,1.0,0.004192658630935702,0.057481805240034704,0.03640191812102707,1.0,0.014592100047894994,1.7512360041605522e-10,7.843304647688187e-11
1.0,1.0,1.0,1.0,1.333323416146364e-07,3.230792996337922e-09,0.000332966314505079,0.0002184190632740041,0.05336620130494535,3.8879145164480526e-07,1.5619413356855313e-11,4.109072309149884e-11,1.0,1.0,1.0,1.0,6.749367201578128e-08,8.912472243106037e-10,8.91061379452909e-14,1.177659707329152e-13,0.0005932210478386415,1.8718335884032875e-08,4.4417988126921006e-15,5.4543179614399885e-15,1.0,1.0,1.0,1.0,1.0,0.010533815961178292,0.0172397809062046,0.005825127345912198,1.0,0.0040325160644613285,1.327344171942777e-11,3.304652163572229e-11,0.010851675153769539,0.019457370834077902,0.037157027372902204,0.04423848412609709,1.0,1.0,1.0,1.0,1.0,1.0,1.0,1.0,0.17518969056943787,0.2503756318136269,0.8641411256555266,1.0,0.3124086192268789,0.003970921283852616,1.0,1.0,1.0,0.3001598761031807,1.0,1.0,1.0,1.0,1.0,1.0,0.09356351430430974,1.0,0.956150329503391,1.0,1.0,1.0,2.069992022186189e-05,0.00013848579920913405,1.0,1.0,1.0,1.0,1.0,0.0013078963211766786,0.02079893980511551,0.01279755042802167,1.0,0.004908213167380442,2.8512783664375798e-11,1.2430941685021863e-11
1.0,1.0,1.0,1.0,1.444873538776563e-06,4.2815653235848995e-08,0.0021934321412960174,0.001486746971190401,0.23558359848849783,3.966505147805976e-06,2.70307479185769e-10,6.780618977162435e-10,1.0,1.0,1.0,1.0,7.595865424790425e-07,1.2615043416462553e-08,1.9455291552902247e-12,2.5402354740622735e-12,0.0037825383691826196,2.2667939258010796e-07,1.1092097858085564e-13,1.351303617513339e-13,0.6186994304225539,1.0,1.0,1.0,1.0,0.05353502764284659,0.08409219831025232,0.031239500489665544,1.0,0.022142462982609534,2.314775658586366e-10,5.513681581361426e-10,0.0018527451875589539,0.0034960609536396747,0.007065057703017647,0.008554482607909782,1.0,1.0,1.0,1.0,1.0,1.0,1.0,1.0,0.03875809798417154,0.05734377534898488,0.22127573308586498,0.3001420206400373,1.0,0.021830037003955076,1.0,1.0,1.0,1.0,1.0,1.0,1.0,1.0,1.0,1.0,0.38975517143711624,1.0,1.0,1.0,1.0,1.0,0.00016531153969712175,0.0009806199371125818,0.9099178802833686,1.0,1.0,1.0,1.0,0.00788642560800202,0.099495283076758,0.06412065554168903,1.0,0.02658380829365406,4.795611774352061e-10,2.175224155977601e-10
1.0,1.0,1.0,1.0,2.5618886561959974e-06,7.996567129427533e-08,0.0034614611195546434,0.0023447012353672806,0.33164442587828186,6.913592421304026e-06,5.393563650782461e-10,1.3372609723650926e-09,1.0,1.0,1.0,1.0,1.3595523481932902e-06,2.388361935644928e-08,4.111949570503481e-12,5.352681242348708e-12,0.00584808093971567,4.135889793026381e-07,2.4223426625207703e-13,2.937838302573672e-13,0.44184685592172984,1.0,1.0,1.0,1.0,0.07865931499967116,0.12168395898838348,0.046119187837970865,1.0,0.03319352961506549,4.625921194567676e-10,1.0897972374512719e-09,0.001167283590702805,0.002216894067369704,0.004582079994852096,0.005558063282907598,1.0,1.0,1.0,1.0,1.0,1.0,1.0,1.0,0.02602508806845394,0.03879554196134708,0.15465054244724777,0.21253049041539793,1.0,0.03273477886361106,1.0,1.0,1.0,1.0,1.0,1.0,1.0,1.0,1.0,1.0,0.5471328335728494,1.0,1.0,1.0,1.0,1.0,0.00027219706992879237,0.0015504741231197837,0.6540828732435551,1.0,1.0,1.0,1.0,0.012042001577675146,0.14390464391838356,0.09357771082182456,1.0,0.03952909252751453,9.484808378254384e-10,4.3519019942185647e-10
0.7213451729911268,1.0,1.0,1.0,1.633537078045624e-05,5.997462015912399e-07,0.014530615223371703,0.01017335665736996,1.0,4.1928245055009477e-05,5.041362404339423e-09,1.2003695211537133e-08,1.0,1.0,1.0,1.0,8.92256923430775e-06,1.9017481553719953e-07,4.6988684800988055e-11,6.057464425864386e-11,0.023811845376625774,2.873698941164331e-06,3.0592929206691708e-12,3.692602990920417e-12,0.13754632634772435,0.5279856140927814,1.0,1.0,1.0,0.26360493893654824,0.39548872986708977,0.16183622566137154,1.0,0.11880282461098358,4.353111329081847e-09,9.866687905956534e-09,0.00023538503158453838,0.000467344312960125,0.0010041358564994054,0.0012289085803419576,1.0,1.0,1.0,1.0,1.0,1.0,1.0,1.0,0.006427087258415925,0.009869388615107954,0.04395615587427995,0.06202178128757635,1.0,0.11734433171345181,1.0,1.0,1.0,1.0,1.0,1.0,1.0,1.0,1.0,1.0,1.0,1.0,1.0,1.0,1.0,1.0,0.0013337783974765236,0.006906640168620931,0.20959104756679042,0.37804628138347507,1.0,1.0,1.0,0.046553305027587984,0.46139326396585545,0.3090407670041431,1.0,0.1400583851506288,8.646751243731705e-09,4.104166408908341e-09
0.5592845319556411,1.0,1.0,1.0,2.4592092983949788e-05,9.388447485242824e-07,0.019943129692222315,0.014010829933404809,1.0,6.245600178790529e-05,8.287202565325598e-09,1.9524762802930762e-08,1.0,1.0,1.0,1.0,1.3551933316838832e-05,3.013058716521162e-07,8.079685289128941e-11,1.0388119703899542e-10,0.03246478558380423,4.416703559602528e-06,5.392930639330041e-12,6.503225833357718e-12,0.10351222698171281,0.4064120621191021,1.0,1.0,1.0,0.34294247921988374,0.5124674012531135,0.21298819227088706,1.0,0.1572130286974593,7.158234532759231e-09,1.6123107283311338e-08,0.00016101710505042448,0.00032274020555259064,0.0007010408690183334,0.0008670309645999487,1.0,1.0,1.0,1.0,1.0,1.0,1.0,1.0,0.004618039119282235,0.007130994751145137,0.03257835908252037,0.04603193630217605,1.0,0.15531913498235603,1.0,1.0,1.0,1.0,1.0,1.0,1.0,1.0,1.0,1.0,1.0,1.0,1.0,1.0,1.0,1.0,0.0018959294608884548,0.009563580393014373,0.1590170726677487,0.29096114540059775,1.0,1.0,1.0,0.06274460864303368,0.597249592377153,0.40156448702193426,1.0,0.1845834984662674,1.4148366582362613e-08,6.75025951846356e-09
1.0,1.0,1.0,1.0,6.489802350614118e-06,2.1977776937895418e-07,0.007139025707309783,0.004942506147611403,0.5824599796226814,1.71701366103564e-05,1.6570436260837197e-09,4.023051912390273e-09,1.0,1.0,1.0,1.0,3.498187455366831e-06,6.785685963413172e-08,1.3935736807417549e-11,1.806264464322369e-11,0.011901017274962547,1.0963363317075886e-06,8.611719678903253e-13,1.0421191353451494e-12,0.250394518486927,0.9195007915974731,1.0,1.0,1.0,0.14503855690291895,0.2219022161090551,0.08716968138492258,1.0,0.06335915531600844,1.4267482130378009e-09,3.2937937866927183e-09,0.0005351663435351373,0.001036724199035864,0.0021683497871127526,0.0026558528460027277,1.0,1.0,1.0,1.0,1.0,1.0,1.0,1.0,0.01312089728232979,0.019922579375832142,0.08383547615322524,0.11633126696917732,1.0,0.0625488533130987,1.0,1.0,1.0,1.0,1.0,1.0,1.0,1.0,1.0,1.0,0.9449609635742529,1.0,1.0,1.0,1.0,1.0,0.0006074818481218106,0.003303687302473981,0.37401571231312314,0.6671383235392172,1.0,1.0,1.0,0.02389131724696431,0.2596469188006954,0.17170459448686912,1.0,0.0751371658587161,2.8791648927059322e-09,1.3434386750559539e-09
0.8401391844866818,1.0,1.0,1.0,1.2758891880229188e-05,4.57657788462957e-07,0.012029029557562358,0.008402598905628049,0.8760553197703015,3.3072172212646315e-05,3.744865866210891e-09,8.946153360825746e-09,1.0,1.0,1.0,1.0,6.924935949601676e-06,1.4410804963160285e-07,3.391022778787398e-11,4.3820893574817846e-11,0.01981460995649816,2.214908110036486e-06,2.1770053628342512e-12,2.6275183256275287e-12,0.16208022608682496,0.6151380709600415,1.0,1.0,1.0,0.22546310535682765,0.3386100745828582,0.13733562855942527,1.0,0.10037036044126316,3.230792996337922e-09,7.342153940401466e-09,0.0002950701157403176,0.0005810986678094942,0.0012331150447925747,0.0015166060704932091,1.0,1.0,1.0,1.0,1.0,1.0,1.0,1.0,0.00782417590873749,0.011968231016088446,0.05244237118069543,0.07370076242459488,1.0,0.09918105579415483,1.0,1.0,1.0,1.0,1.0,1.0,1.0,1.0,1.0,1.0,1.0,1.0,1.0,1.0,1.0,1.0,0.001083214233288788,0.005672801818671686,0.2452611003253464,0.4415453273142796,1.0,1.0,1.0,0.0390386316378657,0.39548872986708977,0.26433887394750244,1.0,0.11853402901198709,6.436501285296971e-09,3.044977186391681e-09
1.0,1.0,1.0,1.0,5.005843397179769e-22,1.4678637701910857e-24,2.11468828166715e-16,1.02272441795377e-16,2.24344251128954e-12,2.7712962758109914e-21,4.46026574652729e-28,1.8928343207655087e-27,1.0,1.0,0.9655619178522622,1.0,1.6954542139064467e-22,2.0240539240646884e-25,2.162179002255792e-31,3.2513143087002663e-31,5.820645136392337e-16,2.2733186991562982e-23,2.8027075004891164e-33,3.769830159449725e-33,1.0,1.0,1.0,1.0,2.7242282593686953e-09,1.041674615937583e-13,2.618221169017133e-13,3.491353840206082e-14,1.1121278231516762e-06,1.776279292806232e-14,3.49306642033521e-28,1.3656478773328796e-27,1.0,1.0,1.0,1.0,0.06820911496445517,0.17518969056943787,0.03875809798417154,0.02602508806845394,0.006427087258415925,0.004618039119282235,0.01312089728232979,0.00782417590873749,1.0,1.0,1.0,1.0,7.706551975923061e-11,1.7276583118855303e-14,1.8967235368235786e-06,1.0024118812553706e-06,0.0004533800958406375,7.076659884626653e-11,5.095027173160599e-08,5.3528205276544965e-08,1.0,1.0,0.9940308764845638,1.0,6.702803124044947e-12,8.2619912876046e-07,7.794687736253339e-10,6.705516680238466e-08,1.4645534838320776e-06,6.978226610501902e-08,1.8595417715005773e-18,4.679858405569848e-17,1.0,1.0,1.0,1.0,6.224851881664685e-09,2.377210236270952e-15,3.705372808579523e-13,1.497636071271032e-13,6.281787996445108e-06,2.5440409852475436e-14,1.0958311170715966e-27,3.168777707902365e-28
1.0,1.0,1.0,1.0,1.3255292258696438e-21,4.078349441646548e-24,4.945318738052651e-16,2.406785200287551e-16,4.750190706624639e-12,7.215057116153113e-21,1.3235681682075528e-27,5.553164762556467e-27,1.0,1.0,1.0,1.0,4.526635623716284e-22,5.715026225254789e-25,6.805614011606455e-31,1.0193811784295977e-30,1.347377579629947e-15,6.168076311178772e-23,9.115682385705017e-33,1.2238364016224228e-32,1.0,1.0,1.0,1.0,5.262823738865844e-09,2.2836824666279194e-13,5.659658937786844e-13,7.739576534056976e-14,1.9772685184789925e-06,3.9646872538669165e-14,1.0391535898521671e-27,4.016899045815181e-27,1.0,1.0,1.0,1.0,0.0992667834555142,0.2503756318136269,0.05734377534898488,0.03879554196134708,0.009869388615107954,0.007130994751145137,0.019922579375832142,0.011968231016088446,1.0,1.0,1.0,1.0,1.5608936264115812e-10,3.857306978654151e-14,3.3607325720704323e-06,1.787858907518432e-06,0.0007330133693931756,1.434278901781017e-10,9.50049566249493e-08,9.97068478324208e-08,1.0,1.0,1.0,1.0,1.4005959829555659e-11,1.4765621233928138e-06,1.5361578837365658e-09,1.243779237452844e-07,2.601747745312035e-06,1.2941299430834442e-07,4.54876456890597e-18,1.1084781417347338e-16,1.0,1.0,1.0,1.0,1.1936843721020737e-08,5.415320992942207e-15,7.997388425262477e-13,3.259409308143939e-13,1.0927273895512448e-05,5.6623879277775265e-14,3.2289030819941567e-27,9.434014438463793e-28
1.0,1.0,1.0,1.0,4.242714042381433e-20,1.5674166798014905e-22,1.0109719432857021e-14,5.06491740381526e-15,6.764429425559997e-11,2.1870162288619127e-19,6.484294956923527e-26,2.6098266447426473e-25,1.0,1.0,1.0,1.0,1.50142335280482e-20,2.3358479870505886e-23,4.121935125698365e-29,6.111374721419798e-29,2.6539988895617832e-14,2.1830109523009486e-21,6.224806049065794e-31,8.284736623354668e-31,1.0,1.0,1.0,1.0,5.461160032204003e-08,3.663600769431155e-12,8.782201132272012e-12,1.2969009216071796e-12,1.5216392547557085e-05,6.845064068063709e-13,5.123588406808943e-26,1.9051341746337882e-25,1.0,1.0,1.0,1.0,0.3651624000690737,0.8641411256555266,0.22127573308586498,0.15465054244724777,0.04395615587427995,0.03257835908252037,0.08383547615322524,0.05244237118069543,1.0,1.0,1.0,1.0,1.9038086138813925e-09,6.666864219552714e-13,2.5014592141366015e-05,1.3794953326348988e-05,0.003921996180179748,1.7552713566933318e-09,8.532298040597319e-07,8.929200254210354e-07,1.0,1.0,1.0,1.0,1.902147117625192e-10,1.1505817984203783e-05,1.6806529109285595e-08,1.1006349585547349e-06,1.967907318860589e-05,1.142836090676387e-06,1.1018800126068862e-16,2.401789434236681e-15,1.0,1.0,1.0,1.0,1.1903470104823307e-07,1.0138266304620337e-13,1.225672538935287e-11,5.169736229999495e-12,7.583504145357393e-05,9.61237729352396e-13,1.5407214042976173e-25,4.6644376755741713e-26
1.0,1.0,1.0,1.0,9.640333029762513e-20,3.7224396834829057e-22,2.0635934209017593e-14,1.0380805424318538e-14,1.2602382010696622e-10,4.906761977990756e-19,1.6308381461982416e-25,6.494426405295796e-25,1.0,1.0,1.0,1.0,3.4410818105965855e-20,5.629721053466586e-23,1.0925614592558774e-28,1.6155557278146761e-28,5.3672120117217117e-14,5.07382392342062e-21,1.6964408616368583e-30,2.2548639472795354e-30,1.0,1.0,1.0,1.0,9.453731254707205e-08,7.045886306295173e-12,1.674119946796539e-11,2.5236435889381537e-12,2.444248435787241e-05,1.3363360064608071e-12,1.2907886150648497e-25,4.755871502380344e-25,1.0,1.0,1.0,1.0,0.4928497961917965,1.0,0.3001420206400373,0.21253049041539793,0.06202178128757635,0.04603193630217605,0.11633126696917732,0.07370076242459488,1.0,1.0,1.0,1.0,3.423913917176272e-09,1.3018871708295545e-12,4.000618945912906e-05,2.2236225861223057e-05,0.005766005226797011,3.1654578587567727e-09,1.4235548684584928e-06,1.4864657654955006e-06,1.0,1.0,1.0,1.0,3.511100600751206e-10,1.8600234210587663e-05,2.950134012353259e-08,1.8295434161893626e-06,3.1524976036656396e-05,1.8979666160396059e-06,2.3409592353489074e-16,4.961150333068234e-15,1.0,1.0,1.0,1.0,2.0380643930762765e-07,2.0231315951856709e-13,2.3293262388048514e-11,9.921751669855354e-12,0.00011895289850484664,1.8754024198079517e-12,3.8509456612467626e-25,1.1762523525087707e-25
2.711472089782844e-07,3.5730857581611776e-06,0.004343583653098131,0.00507522024150813,1.0,1.0,1.0,1.0,1.0,1.0,0.07756666196692455,0.12727366530473286,4.654564962219537e-05,0.0004887563285007843,0.04972477503982096,0.04451349290651255,1.0,0.5930420737287384,0.0047574607882031736,0.005551684142531255,1.0,1.0,0.00086970281089093,0.0009784882344576423,1.3722945639860705e-08,1.5399019946819177e-07,0.00018901939322182236,6.868717788868795e-05,1.0,1.0,1.0,1.0,1.0,1.0,0.07126888881947073,0.1137763839725816,3.964929626066337e-13,1.151157887405116e-12,3.8568793952828096e-12,5.365447750421463e-12,0.7435935678733535,0.3124086192268789,1.0,1.0,1.0,1.0,1.0,1.0,7.706551975923061e-11,1.5608936264115812e-10,1.9038086138813925e-09,3.423913917176272e-09,1.0,1.0,1.0,1.0,1.0,1.0,1.0,1.0,1.516408725835009e-06,6.761506765401268e-06,0.04801996364194564,0.023568053176633793,1.0,1.0,1.0,1.0,1.0,1.0,1.0,1.0,2.88294637545002e-08,8.448501396835674e-08,9.362336192468383e-05,0.0003442917986287645,1.0,1.0,1.0,1.0,1.0,1.0,0.10533564183533665,0.06883540633654121
2.008198710373782e-10,4.041201544576776e-09,1.8987686489001793e-05,2.3028917395733727e-05,1.0,1.0,1.0,1.0,1.0,1.0,1.0,1.0,8.254119102106756e-08,1.352821291223025e-06,0.00038508112358791823,0.00033495663454656587,1.0,1.0,0.3600909781279386,0.4058635073665721,1.0,1.0,0.09516904488448472,0.10412162903406869,6.426343913608464e-12,1.0425029340519795e-10,4.350600882167416e-07,1.3068977321352847e-07,1.0,1.0,1.0,1.0,1.0,1.0,1.0,1.0,4.5077028490743676e-17,1.4968661239905602e-16,5.8457542955585855e-16,8.495178768481028e-16,0.01195532616460692,0.003970921283852616,0.021830037003955076,0.03273477886361106,0.11734433171345181,0.15531913498235603,0.0625488533130987,0.09918105579415483,1.7276583118855303e-14,3.857306978654151e-14,6.666864219552714e-13,1.3018871708295545e-12,1.0,1.0,1.0,1.0,0.8717042747550141,1.0,1.0,1.0,1.4914209816947759e-09,8.52630279063442e-09,0.0003685711811946766,0.0001513929621867119,1.0,1.0,1.0,1.0,1.0,1.0,1.0,1.0,1.509448428267945e-11,5.2102897532292054e-11,1.8875744299313958e-07,8.894116460090823e-07,1.0,1.0,1.0,1.0,1.0,1.0,1.0,1.0
0.0012273470243102272,0.008866052860391983,1.0,1.0,0.032204027285039835,0.0026658525387756485,1.0,1.0,1.0,0.06417924318969022,6.553174228883846e-05,0.00012936774844543906,0.060386570430004644,0.3296400950594492,1.0,1.0,0.02051538337990289,0.0011051767331071184,1.565257320946006e-06,1.917965760513148e-06,1.0,0.008770726828458975,1.7224452340850195e-07,2.0070584888184584e-07,0.00011969141626824347,0.0007965865760345448,0.1675354417292454,0.0803612574996811,1.0,1.0,1.0,1.0,1.0,1.0,5.835722848035186e-05,0.00011107608847287776,2.5759364621472503e-08,6.21712889606421e-08,1.67022373663523e-07,2.1863539278328058e-07,1.0,1.0,1.0,1.0,1.0,1.0,1.0,1.0,1.8967235368235786e-06,3.3607325720704323e-06,2.5014592141366015e-05,4.000618945912906e-05,1.0,1.0,1.0,1.0,1.0,1.0,1.0,1.0,0.004642677063170313,0.01435535010173258,1.0,1.0,1.0,1.0,1.0,1.0,1.0,1.0,0.7669622083893269,1.0,0.00021489041187769785,0.0004978878653172934,0.10037036044126316,0.2569990909447123,1.0,1.0,1.0,1.0,1.0,1.0,0.00010011148647879738,5.572139275119725e-05
0.00073363478859866,0.00551337608007231,1.0,1.0,0.04956719236111109,0.004392365746270145,1.0,1.0,1.0,0.09744279707513444,0.00011528038710124148,0.00022553786790521847,0.039164820992149844,0.22513547465788047,1.0,1.0,0.032204027285039835,0.0018440819028292582,2.952281315426489e-06,3.605446177749351e-06,1.0,0.013995938850311411,3.3579902486802167e-07,3.9036073707495525e-07,6.805771461008995e-05,0.0004683999226534317,0.11159239220296041,0.05249136005163767,1.0,1.0,1.0,1.0,1.0,1.0,0.00010296901727312497,0.00019385140710701532,1.2700723475111314e-08,3.09755658693427e-08,8.471006153265947e-08,1.1143989456255815e-07,1.0,1.0,1.0,1.0,1.0,1.0,1.0,1.0,1.0024118812553706e-06,1.787858907518432e-06,1.3794953326348988e-05,2.2236225861223057e-05,1.0,1.0,1.0,1.0,1.0,1.0,1.0,1.0,0.0028252506641996875,0.009001311109297427,1.0,1.0,1.0,1.0,1.0,1.0,1.0,1.0,1.0,1.0,0.00012314913184709487,0.00029061958195189774,0.06634808091546872,0.1735780726961828,1.0,1.0,1.0,1.0,1.0,1.0,0.00017505233215353238,9.840136354676711e-05
0.09518332514746447,0.45657093847536345,1.0,1.0,0.00032229562414373746,1.5869790309042527e-05,0.13963057937779066,0.10184971685081398,1.0,0.0007565341637286827,1.9500364730415974e-07,4.34274017109221e-07,1.0,1.0,1.0,1.0,0.00018577692670451845,5.51662290068865e-06,2.552263829295986e-09,3.230792996337922e-09,0.21506474092949376,6.63654056940534e-05,2.0063349622857586e-10,2.3893442519999923e-10,0.014283494122268104,0.0669466861112752,1.0,1.0,1.0,1.0,1.0,1.0,1.0,0.8809761284668398,1.701885170826834e-07,3.6273721599121594e-07,1.1583011828217175e-05,2.4630458529486925e-05,5.742833974919107e-05,7.22233400652989e-05,1.0,1.0,1.0,1.0,1.0,1.0,1.0,1.0,0.0004533800958406375,0.0007330133693931756,0.003921996180179748,0.005766005226797011,1.0,0.8717042747550141,1.0,1.0,1.0,1.0,1.0,1.0,0.2726065118796959,0.6701171847249481,1.0,1.0,1.0,1.0,1.0,1.0,1.0,1.0,0.01696241564329117,0.07262006617879807,0.023093146303437923,0.045773211037555994,1.0,1.0,1.0,0.38462151481857376,1.0,1.0,1.0,1.0,3.2123097153517336e-07,1.6122531409663266e-07
2.5218277852643653e-07,3.342395034922651e-06,0.004114958284994519,0.00482426559861744,1.0,1.0,1.0,1.0,1.0,1.0,0.08114987631959113,0.13327604954229308,4.3677456926749924e-05,0.00046188539231156186,0.04744043622996464,0.04250235591143631,1.0,0.6171146861638155,0.005010126398485748,0.005841400452141705,1.0,1.0,0.0009198937094641239,0.0010322381716580205,1.2700723475111314e-08,1.430268488337139e-07,0.000177866803057826,6.461725683164763e-05,1.0,1.0,1.0,1.0,1.0,1.0,0.07457873002099412,0.11890303168360582,3.6156150253742483e-13,1.0505345532548163e-12,3.5267436021940126e-12,4.911808583867185e-12,0.7140721463055562,0.3001598761031807,1.0,1.0,1.0,1.0,1.0,1.0,7.076659884626653e-11,1.434278901781017e-10,1.7552713566933318e-09,3.1654578587567727e-09,1.0,1.0,1.0,1.0,1.0,1.0,1.0,1.0,1.4180366816191629e-06,6.329818399946953e-06,0.04588524268859409,0.02244173198731828,1.0,1.0,1.0,1.0,1.0,1.0,1.0,1.0,2.6703555729236372e-08,7.845240184766408e-08,8.801379185189886e-05,0.000324671735908941,1.0,1.0,1.0,1.0,1.0,1.0,0.11023200361778882,0.07207921116970611
6.334656332860701e-05,0.0005759127665597809,0.20961034544864918,0.23774107258483104,0.3024394599808743,0.03475338791665402,1.0,1.0,1.0,0.5538924086709128,0.001263581545759273,0.0023318680650662622,0.005020085757767649,0.03545323561003317,1.0,1.0,0.20656637085163887,0.015894690123746776,4.3568501195881564e-05,5.2509804484545686e-05,1.0,0.09844245787984483,5.796473828596233e-06,6.65370939122428e-06,4.786352580804766e-06,3.8956211797792254e-05,0.016142768206687017,0.006948423769187787,1.0,1.0,1.0,1.0,1.0,1.0,0.0011405028462059287,0.002034736206497013,4.785203560624666e-10,1.2393195096466079e-09,3.616006027149347e-09,4.843031521177269e-09,1.0,1.0,1.0,1.0,1.0,1.0,1.0,1.0,5.095027173160599e-08,9.50049566249493e-08,8.532298040597319e-07,1.4235548684584928e-06,1.0,1.0,1.0,1.0,1.0,1.0,1.0,1.0,0.00027765303556880045,0.000990999013020025,1.0,0.8178269994753703,1.0,1.0,1.0,1.0,1.0,1.0,1.0,1.0,9.121727215623797e-06,2.3157053210200564e-05,0.008984116942705279,0.026557124437833146,1.0,1.0,1.0,1.0,1.0,1.0,0.001855041722935696,0.0010961086362735446
6.594730788513043e-05,0.0005972226994320962,0.21537943911033522,0.24437019400988133,0.29472410477081457,0.033691395504863636,1.0,1.0,1.0,0.5394024414388573,0.0012210175915871148,0.002251024205591785,0.005191598846374002,0.03654782822460826,1.0,1.0,0.2006582706600557,0.015381072644286887,4.1864428503191125e-05,5.040208853008561e-05,1.0,0.09555495313274184,5.548705664461555e-06,6.373048014461977e-06,4.998886923890104e-06,4.056354644635995e-05,0.01668927309954198,0.0071821399331334565,1.0,1.0,1.0,1.0,1.0,1.0,0.001101380094151414,0.0019618810486949564,5.047494706938067e-10,1.3065047637364643e-09,3.806534678891706e-09,5.0947883755195234e-09,1.0,1.0,1.0,1.0,1.0,1.0,1.0,1.0,5.3528205276544965e-08,9.97068478324208e-08,8.929200254210354e-07,1.4864657654955006e-06,1.0,1.0,1.0,1.0,1.0,1.0,1.0,1.0,0.0002886174219063996,0.001026377655317793,1.0,0.8385764958936843,1.0,1.0,1.0,1.0,1.0,1.0,1.0,1.0,9.515326151232923e-06,2.4149155716254702e-05,0.00928723507788918,0.02741987671012951,1.0,1.0,1.0,1.0,1.0,1.0,0.0017901135685876905,0.001056930071596229
1.0,1.0,1.0,1.0,5.777794044254283e-16,3.6724224472352946e-18,3.6980450269235256e-11,2.0000472323996574e-11,8.448501396835674e-08,2.5233017528139267e-15,3.071258666052466e-21,1.0931438014660146e-20,1.0,1.0,1.0,1.0,2.2627559067334855e-16,6.536361864250951e-19,3.671034321386554e-24,5.260900038773257e-24,8.671838790680429e-11,3.9719542013977734e-17,7.819438114555557e-26,1.0176101342266757e-25,1.0,1.0,1.0,1.0,2.7085846403534753e-05,6.62619836789128e-09,1.4227300548074073e-08,2.6797903573798867e-09,0.003066592691504375,1.525325195259212e-09,2.4792945184196895e-21,8.213611426618373e-21,1.0,1.0,1.0,1.0,1.0,1.0,1.0,1.0,1.0,1.0,1.0,1.0,1.0,1.0,1.0,1.0,1.516408725835009e-06,1.4914209816947759e-09,0.004642677063170313,0.0028252506641996875,0.2726065118796959,1.4180366816191629e-06,0.00027765303556880045,0.0002886174219063996,1.0,1.0,1.0,1.0,2.074188885377098e-07,0.0024237415913649263,9.893319013684943e-06,0.0003442917986287645,0.0038061022782764488,0.0003553368611010624,6.65038732798589e-13,1.0314441401939974e-11,1.0,1.0,1.0,1.0,5.2509804484545686e-05,2.824795303123989e-10,1.8993597825748212e-08,8.953522750050486e-09,0.011542005944163884,2.0570362060987247e-09,6.767747461985947e-21,2.2763186307927583e-21
1.0,1.0,1.0,1.0,5.170825741422782e-15,3.757989781500283e-17,2.3915523795588034e-10,1.3207208597436732e-10,4.197007995031019e-07,2.1714490652966932e-14,3.7472937577912876e-20,1.2942877898906674e-19,1.0,1.0,1.0,1.0,2.08078061111999e-15,6.986259059815302e-18,5.229003656538752e-23,7.429317743594563e-23,5.467099887568186e-10,3.818150270604019e-16,1.2107314658529648e-24,1.5662539238777431e-24,1.0,1.0,1.0,1.0,0.00010702626976045338,3.6125027237633664e-08,7.574054364992122e-08,1.5003433396304254e-08,0.00971675862733015,8.716415955270333e-09,3.039426383039153e-20,9.785467815799009e-20,1.0,1.0,1.0,1.0,1.0,1.0,1.0,1.0,1.0,1.0,1.0,1.0,1.0,1.0,1.0,1.0,6.761506765401268e-06,8.52630279063442e-09,0.01435535010173258,0.009001311109297427,0.6701171847249481,6.329818399946953e-06,0.000990999013020025,0.001026377655317793,1.0,1.0,1.0,1.0,9.984864164870917e-07,0.00782656218249278,4.1025499242885586e-05,0.001209891776911465,0.011913874440462612,0.0012444432557124983,4.873406694091603e-12,6.968818796462518e-11,1.0,1.0,1.0,1.0,0.00020160263274035504,1.7157388865828018e-09,1.0008503705210296e-07,4.840033287968391e-08,0.03416281288055733,1.1645954672682035e-08,8.097577019916948e-20,2.795362664445546e-20
1.0,1.0,1.0,1.0,5.226644867670617e-09,9.804272434251829e-11,2.4428670802738393e-05,1.5466179746774347e-05,0.006562175691921892,1.645822855985449e-08,3.383423810297808e-13,9.40276840248516e-13,1.0,1.0,1.0,1.0,2.526051214738182e-09,2.4855705982349444e-11,1.426895639605983e-15,1.915849288723832e-15,4.5889083900396844e-05,6.430132588593247e-10,6.040722732974133e-17,7.497027014608075e-17,1.0,1.0,1.0,1.0,0.32178486514587873,0.0010808739821841367,0.001859641409266344,0.0005633602497166998,1.0,0.0003748515672860653,2.8511027134156745e-13,7.470977783685276e-13,0.0838221229058185,0.14037143365875093,0.2496576106661903,0.2907472696419852,1.0,1.0,1.0,1.0,1.0,1.0,1.0,1.0,0.9940308764845638,1.0,1.0,1.0,0.04801996364194564,0.0003685711811946766,1.0,1.0,1.0,0.04588524268859409,1.0,1.0,1.0,1.0,1.0,1.0,0.012261934332506693,1.0,0.1676702338224116,1.0,1.0,1.0,1.1904520844833667e-06,9.40339680381933e-06,1.0,1.0,1.0,1.0,0.49446442691310794,0.00010955254308438569,0.0022848197637174794,0.0013354659169839377,1.0,0.0004658684040713971,6.402159385696048e-13,2.6615963466105504e-13
1.0,1.0,1.0,1.0,1.5951858216267335e-09,2.726265078727447e-11,9.23040429749276e-06,5.768969175512218e-06,0.0029735923466901355,5.155013792949903e-09,8.378607282987413e-14,2.3820140623496857e-13,1.0,1.0,1.0,1.0,7.546962977979152e-10,6.696015404794977e-12,3.1656586604793416e-16,4.280411647004526e-16,1.7741068461750546e-05,1.8640292156068928e-10,1.267667608051382e-17,1.5808374803839232e-17,1.0,1.0,1.0,1.0,0.17184227632922522,0.0004625101112334408,0.0008130039209740498,0.00023461999712473772,1.0,0.00015405384698896537,7.017420429677982e-14,1.8813636979353054e-13,0.16209805216539086,0.2656137253090596,0.4610808677772976,0.5362653123516848,1.0,1.0,1.0,1.0,1.0,1.0,1.0,1.0,1.0,1.0,1.0,1.0,0.023568053176633793,0.0001513929621867119,1.0,1.0,1.0,0.02244173198731828,0.8178269994753703,0.8385764958936843,1.0,1.0,1.0,1.0,0.005702754578611278,1.0,0.08677863117600565,0.9385504772983428,1.0,0.9579012485268589,4.1525551497165405e-07,3.466761869821442e-06,1.0,1.0,1.0,1.0,0.26729230813511334,4.347872663249866e-05,0.0010054325533856597,0.0005772005937798024,1.0,0.0001926759437257536,1.6039401416972703e-13,6.544204120917253e-14
3.3984591393635535e-08,5.091819367908044e-07,0.0009350442729992315,0.001101380094151414,1.0,1.0,1.0,1.0,1.0,1.0,0.26358631810977334,0.41591171637056656,7.582404198751492e-06,9.145343648830555e-05,0.012743217397454537,0.01130133909865118,1.0,1.0,0.01988151911164387,0.022974966781223762,1.0,1.0,0.004054170315417873,0.004535055214965778,1.502018290148182e-09,1.8718335884032875e-08,3.355437680596636e-05,1.147566108613349e-05,1.0,1.0,1.0,1.0,1.0,1.0,0.24437019400988133,0.3757848661815846,2.816026329566762e-14,8.547295485944699e-14,2.9916745480101865e-13,4.212471473017193e-13,0.23689281113847255,0.09356351430430974,0.38975517143711624,0.5471328335728494,1.0,1.0,0.9449609635742529,1.0,6.702803124044947e-12,1.4005959829555659e-11,1.902147117625192e-10,3.511100600751206e-10,1.0,1.0,1.0,1.0,1.0,1.0,1.0,1.0,2.074188885377098e-07,9.984864164870917e-07,0.012261934332506693,0.005702754578611278,1.0,1.0,1.0,1.0,1.0,1.0,1.0,1.0,3.2589460499844893e-09,9.981726600080697e-09,1.5927050683538853e-05,6.312971997081574e-05,1.0,1.0,1.0,1.0,1.0,1.0,0.35059431066481367,0.23691221054845588
0.0006254517715290535,0.004770910012642655,0.9891552072310238,1.0,0.05649090942323494,0.005073556597672859,1.0,1.0,1.0,0.11005959378485876,0.00013640385925185042,0.00026610620297618464,0.034404630834314776,0.20022473426586793,1.0,1.0,0.036638780925631186,0.0021417060045805657,3.5596128282554526e-06,4.351795158107124e-06,1.0,0.016075124885087996,4.0965917275152156e-07,4.7493656943449453e-07,5.739779944993859e-05,0.00039901802885889163,0.09881113126211342,0.04611002719708748,1.0,1.0,1.0,1.0,1.0,1.0,0.00012169631700313013,0.0002288099694873402,1.024407907813751e-08,2.508250597966694e-08,6.901110962038536e-08,9.09015071072867e-08,1.0,1.0,1.0,1.0,1.0,1.0,1.0,1.0,8.2619912876046e-07,1.4765621233928138e-06,1.1505817984203783e-05,1.8600234210587663e-05,1.0,1.0,1.0,1.0,1.0,1.0,1.0,1.0,0.0024237415913649263,0.00782656218249278,1.0,1.0,1.0,1.0,1.0,1.0,1.0,1.0,1.0,1.0,0.00010420537036447799,0.0002464375908539429,0.05834875963041661,0.15441643680900122,1.0,1.0,1.0,1.0,1.0,1.0,0.0002065521043796224,0.00011632759227507935
1.9146716136451553e-06,2.2382400085987526e-05,0.017961727464642245,0.0208041167899864,1.0,0.36736512422148193,1.0,1.0,1.0,1.0,0.020841683428401498,0.03578491501129737,0.00025326212694882014,0.002307243348708021,0.17307795669887635,0.1563180999329427,1.0,0.1882523047778768,0.0010444784903197721,0.0012289085803419576,1.0,0.9099178802833686,0.00017139200599977042,0.00019412571384909712,1.1165037009920635e-07,1.1188982084526977e-06,0.0009533504768590727,0.00036638932657581484,1.0,1.0,1.0,1.0,1.0,1.0,0.019056691294996698,0.03178238835555845,4.923543644680088e-12,1.377779321927967e-11,4.409541453999393e-11,6.057464425864386e-11,1.0,0.956150329503391,1.0,1.0,1.0,1.0,1.0,1.0,7.794687736253339e-10,1.5361578837365658e-09,1.6806529109285595e-08,2.950134012353259e-08,1.0,1.0,1.0,1.0,1.0,1.0,1.0,1.0,9.893319013684943e-06,4.1025499242885586e-05,0.1676702338224116,0.08677863117600565,1.0,1.0,1.0,1.0,1.0,1.0,1.0,1.0,2.2651493389463944e-07,6.309025443538276e-07,0.0004903013451763151,0.0016622408818648196,1.0,1.0,1.0,1.0,1.0,1.0,0.029254949105619613,0.018350135930947867
7.923347636148606e-05,0.0007101655126308708,0.24437019400988133,0.27577507736396223,0.2603710027586178,0.029225840387269594,1.0,1.0,1.0,0.4773524896889539,0.0010353907142379747,0.0019130390719725094,0.006064386532402926,0.04208060752748765,1.0,1.0,0.17581733104392622,0.01322917014531282,3.466715210062334e-05,4.180069653807971e-05,1.0,0.08368733975060705,4.540817526955935e-06,5.226001507912083e-06,6.1052576388463855e-06,4.8876576757452294e-05,0.019391801332468216,0.0084000664542517,1.0,1.0,1.0,1.0,1.0,1.0,0.0009350442729992315,0.0016657562545108787,6.452148782974964e-10,1.659936162683221e-09,4.821367005054945e-09,6.4418661847049964e-09,1.0,1.0,1.0,1.0,1.0,1.0,1.0,1.0,6.705516680238466e-08,1.243779237452844e-07,1.1006349585547349e-06,1.8295434161893626e-06,1.0,1.0,1.0,1.0,1.0,1.0,1.0,1.0,0.0003442917986287645,0.001209891776911465,1.0,0.9385504772983428,1.0,1.0,1.0,1.0,1.0,1.0,1.0,1.0,1.1589872643530031e-05,2.924892348051176e-05,0.0108311947770515,0.031726809686121536,1.0,1.0,1.0,1.0,1.0,1.0,0.001516020611067948,0.0008966291545560363
0.0010001902717543538,0.0073144253123500645,1.0,1.0,0.03840049040432745,0.0032775748919950075,1.0,1.0,1.0,0.07621024719532077,8.249857389660513e-05,0.00016246292474523323,0.05059358138611725,0.2820250438852682,1.0,1.0,0.024646667218754914,0.0013588446496076388,2.0253966931283177e-06,2.4855509421227013e-06,1.0,0.010630243370804565,2.260971300727851e-07,2.632027651548587e-07,9.530196718238126e-05,0.0006413295982525353,0.14217774077685608,0.06774877054450047,1.0,1.0,1.0,1.0,1.0,1.0,7.359508795557032e-05,0.00013934087367177374,1.9302926127237786e-08,4.687276938316654e-08,1.268463434421273e-07,1.665233411088554e-07,1.0,1.0,1.0,1.0,1.0,1.0,1.0,1.0,1.4645534838320776e-06,2.601747745312035e-06,1.967907318860589e-05,3.1524976036656396e-05,1.0,1.0,1.0,1.0,1.0,1.0,1.0,1.0,0.0038061022782764488,0.011913874440462612,1.0,1.0,1.0,1.0,1.0,1.0,1.0,1.0,0.8886925743833048,1.0,0.0001716361405845724,0.0004006555570764584,0.08496280195945873,0.22004672052657706,1.0,1.0,1.0,1.0,1.0,1.0,0.000125684947027081,7.026424894678039e-05
8.198278734969703e-05,0.0007330133693931756,0.24967666595557084,0.28204308951139706,0.25454922362268567,0.02844627206618875,1.0,1.0,1.0,0.4665662217812616,0.0010054325533856597,0.001857340463265066,0.0062432154982386585,0.043186652108128526,1.0,1.0,0.17197999004060838,0.012882797008925048,3.3502783865731254e-05,4.0422374622381185e-05,1.0,0.08157645654784372,4.377283200226436e-06,5.0385000033592184e-06,6.325937497662063e-06,5.057665144743412e-05,0.019902042513009772,0.008622207352179508,1.0,1.0,1.0,1.0,1.0,1.0,0.0009065832644470247,0.0016161987054726635,6.749003880326701e-10,1.734321369319782e-09,5.031021431385376e-09,6.720291032384325e-09,1.0,1.0,1.0,1.0,1.0,1.0,1.0,1.0,6.978226610501902e-08,1.2941299430834442e-07,1.142836090676387e-06,1.8979666160396059e-06,1.0,1.0,1.0,1.0,1.0,1.0,1.0,1.0,0.0003553368611010624,0.0012444432557124983,1.0,0.9579012485268589,1.0,1.0,1.0,1.0,1.0,1.0,1.0,1.0,1.2016144885881609e-05,3.0269854820339382e-05,0.011136560976117182,0.032521531461088084,1.0,1.0,1.0,1.0,1.0,1.0,0.0014707501252861166,0.00086970281089093
6.860883546438305e-14,2.0727036364325593e-12,3.5845137463279305e-08,4.499026342972534e-08,1.0,1.0,1.0,1.0,1.0,1.0,1.0,1.0,6.565936243389656e-11,1.658489398459543e-09,1.2544312584223521e-06,1.0629634567868358e-06,1.0,1.0,1.0,1.0,1.0,1.0,1.0,1.0,1.407892785042052e-15,3.2600586714548444e-14,4.47346077713624e-10,1.1130232928127037e-10,1.0,1.0,1.0,1.0,1.0,1.0,1.0,1.0,2.500383430163753e-21,9.460096063723878e-21,4.285107072698597e-20,6.487421700974013e-20,7.907544650534515e-05,2.069992022186189e-05,0.00016531153969712175,0.00027219706992879237,0.0013337783974765236,0.0018959294608884548,0.0006074818481218106,0.001083214233288788,1.8595417715005773e-18,4.54876456890597e-18,1.1018800126068862e-16,2.3409592353489074e-16,1.0,1.0,0.7669622083893269,1.0,0.01696241564329117,1.0,1.0,1.0,6.65038732798589e-13,4.873406694091603e-12,1.1904520844833667e-06,4.1525551497165405e-07,1.0,1.0,1.0,1.0,0.8886925743833048,1.0,1.0,1.0,3.68010025035516e-15,1.4839105897791615e-14,1.7006690632918182e-10,1.0203649642883785e-09,1.0,1.0,1.0,1.0,0.3752721204045533,1.0,1.0,1.0
1.1604393155292895e-12,3.073279920540876e-11,3.397896170128642e-07,4.209260559313564e-07,1.0,1.0,1.0,1.0,1.0,1.0,1.0,1.0,8.353104702665063e-10,1.81587267401616e-08,9.877328169020933e-06,8.437657827493911e-06,1.0,1.0,1.0,1.0,1.0,1.0,1.0,1.0,2.7840439149960036e-14,5.705803592590649e-13,5.209617782032409e-09,1.3887867374184054e-09,1.0,1.0,1.0,1.0,1.0,1.0,1.0,1.0,7.896392964103393e-20,2.862994193243435e-19,1.233944043808806e-18,1.841857093208173e-18,0.0004903013451763151,0.00013848579920913405,0.0009806199371125818,0.0015504741231197837,0.006906640168620931,0.009563580393014373,0.003303687302473981,0.005672801818671686,4.679858405569848e-17,1.1084781417347338e-16,2.401789434236681e-15,4.961150333068234e-15,1.0,1.0,1.0,1.0,0.07262006617879807,1.0,1.0,1.0,1.0314441401939974e-11,6.968818796462518e-11,9.40339680381933e-06,3.466761869821442e-06,1.0,1.0,1.0,1.0,1.0,1.0,1.0,1.0,7.025281103249956e-14,2.687374080848382e-13,2.076673353382291e-09,1.1443671395434153e-08,1.0,1.0,1.0,1.0,1.0,1.0,1.0,1.0
1.0,1.0,1.0,1.0,1.9465346737143867e-18,8.85968591927133e-21,2.779896167842578e-13,1.4349361742420939e-13,1.2229021423462352e-09,9.389610227804468e-18,4.8147622406760435e-24,1.8501478498033994e-23,1.0,1.0,1.0,1.0,7.167069045693938e-19,1.4145232227372348e-21,3.9170532776550514e-27,5.727807400461746e-27,6.956795778275419e-13,1.1175712927271568e-19,6.758109461097353e-29,8.922007074709083e-29,1.0,1.0,1.0,1.0,6.877149001212965e-07,7.669072087690995e-11,1.7573940755669026e-10,2.854069747744247e-11,0.0001349274965714253,1.5478834434233342e-11,3.837189940786296e-24,1.365206608457393e-23,1.0,1.0,1.0,1.0,1.0,1.0,0.9099178802833686,0.6540828732435551,0.20959104756679042,0.1590170726677487,0.37401571231312314,0.2452611003253464,1.0,1.0,1.0,1.0,2.88294637545002e-08,1.509448428267945e-11,0.00021489041187769785,0.00012314913184709487,0.023093146303437923,2.6703555729236372e-08,9.121727215623797e-06,9.515326151232923e-06,1.0,1.0,1.0,1.0,3.2589460499844893e-09,0.00010420537036447799,2.2651493389463944e-07,1.1589872643530031e-05,0.0001716361405845724,1.2016144885881609e-05,3.68010025035516e-15,7.025281103249956e-14,1.0,1.0,1.0,1.0,1.430627145041683e-06,2.4968040353771637e-12,2.4091567293913306e-10,1.0622810626085678e-10,0.0006044993247441364,2.143106677791366e-11,1.111797751348922e-23,3.505496947194399e-24
1.0,1.0,1.0,1.0,8.933450648539666e-18,4.438853660393792e-20,1.031235458027262e-12,5.405961096624832e-13,3.8283933262575996e-09,4.204633920327302e-17,2.701972885722419e-23,1.0164052426815589e-22,1.0,1.0,1.0,1.0,3.3490792740791077e-18,7.288439650345974e-21,2.4335025610010514e-26,3.543142215396972e-26,2.5428687964634173e-12,5.392345329932369e-19,4.435009307370144e-28,5.830172770750548e-28,1.0,1.0,1.0,1.0,1.858263953069561e-06,2.5461502196632525e-10,5.749386129724705e-10,9.709564745215305e-11,0.0003177407468539335,5.3383804866823256e-11,2.1604429736497214e-23,7.5354419005497e-23,1.0,1.0,1.0,1.0,1.0,1.0,1.0,1.0,0.37804628138347507,0.29096114540059775,0.6671383235392172,0.4415453273142796,1.0,1.0,1.0,1.0,8.448501396835674e-08,5.2102897532292054e-11,0.0004978878653172934,0.00029061958195189774,0.045773211037555994,7.845240184766408e-08,2.3157053210200564e-05,2.4149155716254702e-05,1.0,1.0,1.0,1.0,9.981726600080697e-09,0.0002464375908539429,6.309025443538276e-07,2.924892348051176e-05,0.0004006555570764584,3.0269854820339382e-05,1.4839105897791615e-14,2.687374080848382e-13,1.0,1.0,1.0,1.0,3.8016176854878637e-06,8.922885341160777e-12,7.84093363058762e-10,3.514310890109628e-10,0.001347694381492259,7.338159596886213e-11,6.158751758242536e-23,1.9756787810244393e-23
1.0,1.0,1.0,1.0,2.624815952924432e-13,2.43767665275427e-15,6.612703731927416e-09,3.7940402047816775e-09,7.095180254907194e-06,1.0172683114079905e-12,3.3744470211718423e-18,1.1006922101690044e-17,1.0,1.0,1.0,1.0,1.106383011541221e-13,4.916427995451888e-16,6.282007862799409e-21,8.801128394222044e-21,1.4335272621283597e-08,2.2094648747257637e-14,1.7010472589092897e-22,2.1774199599839697e-22,1.0,1.0,1.0,1.0,0.0011790663090490059,7.26481037128844e-07,1.4423657232529346e-06,3.2041532241700933e-07,0.07104854474574605,1.9268275629142253e-07,2.7646171658242812e-18,8.436031558178695e-18,1.0,1.0,1.0,1.0,1.0,1.0,1.0,1.0,1.0,1.0,1.0,1.0,1.0,1.0,1.0,1.0,9.362336192468383e-05,1.8875744299313958e-07,0.10037036044126316,0.06634808091546872,1.0,8.801379185189886e-05,0.008984116942705279,0.00928723507788918,1.0,1.0,1.0,1.0,1.5927050683538853e-05,0.05834875963041661,0.0004903013451763151,0.0108311947770515,0.08496280195945873,0.011136560976117182,1.7006690632918182e-10,2.076673353382291e-09,1.0,1.0,1.0,1.0,0.0021037418136994413,4.199434285194779e-08,1.8714078955892316e-06,9.528087389229318e-07,0.21747755465138674,2.5218277852643653e-07,7.040916236324425e-18,2.552163180523948e-18
1.0,1.0,1.0,1.0,1.908826694940196e-12,2.0310485999225933e-14,3.5113959914185543e-08,2.0436561017467535e-08,2.924892348051176e-05,7.139738456320914e-12,3.336971382373587e-17,1.0550828440722212e-16,1.0,1.0,1.0,1.0,8.251148265018214e-13,4.272792802375443e-15,7.243321442176349e-20,1.0068291064935002e-19,7.439087588503272e-08,1.734421756354803e-13,2.1381126587290162e-21,2.7191899075245656e-21,1.0,1.0,1.0,1.0,0.0038749730550219873,3.2550583602653336e-06,6.298639878992551e-06,1.4765621233928138e-06,0.1852423412891337,9.072012041012298e-07,2.7440889527418782e-17,8.133193210573541e-17,1.0,1.0,1.0,1.0,1.0,1.0,1.0,1.0,1.0,1.0,1.0,1.0,1.0,1.0,1.0,1.0,0.0003442917986287645,8.894116460090823e-07,0.2569990909447123,0.1735780726961828,1.0,0.000324671735908941,0.026557124437833146,0.02741987671012951,1.0,1.0,1.0,1.0,6.312971997081574e-05,0.15441643680900122,0.0016622408818648196,0.031726809686121536,0.22004672052657706,0.032521531461088084,1.0203649642883785e-09,1.1443671395434153e-08,1.0,1.0,1.0,1.0,0.006707562650293065,2.089726809220475e-07,8.093826679880583e-06,4.2238882896127e-06,0.5307347999577771,1.1761123604534131e-06,6.825419306176514e-17,2.5382288190353132e-17
1.1011897452749067e-05,0.00011347903293239901,0.06226187410739404,0.07138539231802582,0.9144140067208371,0.12168395898838348,1.0,1.0,1.0,1.0,0.0055874409897152776,0.009904084760632257,0.0011290904020068333,0.009128454208200349,0.5101365014235736,0.46230930216870686,0.6347411936280519,0.05927180734435695,0.0002325590470855656,0.00027765303556880045,1.0,0.31876720718066665,3.454583032603781e-05,3.947782118611027e-05,7.269814537691055e-07,6.5611022732364914e-06,0.003959615197058023,0.0015974825310464,1.0,1.0,1.0,1.0,1.0,1.0,0.00506769414532702,0.00871600306919709,4.7846665896618323e-11,1.2861876385177435e-10,3.9378710679187485e-10,5.347976456592458e-10,1.0,1.0,1.0,1.0,1.0,1.0,1.0,1.0,6.224851881664685e-09,1.1936843721020737e-08,1.1903470104823307e-07,2.0380643930762765e-07,1.0,1.0,1.0,1.0,1.0,1.0,1.0,1.0,5.2509804484545686e-05,0.00020160263274035504,0.49446442691310794,0.26729230813511334,1.0,1.0,1.0,1.0,1.0,1.0,1.0,1.0,1.430627145041683e-06,3.8016176854878637e-06,0.0021037418136994413,0.006707562650293065,1.0,1.0,1.0,1.0,1.0,1.0,0.007992036626887371,0.0048781903779591095
3.5932027514712754e-11,7.927156530170114e-10,4.990589148719506e-06,6.095200849669439e-06,1.0,1.0,1.0,1.0,1.0,1.0,1.0,1.0,1.7783016240073638e-08,3.228928743518328e-07,0.000114568105924928,9.9110997896374e-05,1.0,1.0,0.8188412674572789,0.9155275036168024,1.0,1.0,0.2304712483669635,0.2509244932748991,1.036663307048716e-12,1.825066965097702e-11,9.98957766018204e-08,2.8705665328861202e-08,1.0,1.0,1.0,1.0,1.0,1.0,1.0,1.0,5.340653440945388e-18,1.827830505588818e-17,7.37024483076969e-17,1.0799276717243472e-16,0.004192658630935702,0.0013078963211766786,0.00788642560800202,0.012042001577675146,0.046553305027587984,0.06274460864303368,0.02389131724696431,0.0390386316378657,2.377210236270952e-15,5.415320992942207e-15,1.0138266304620337e-13,2.0231315951856709e-13,1.0,1.0,1.0,1.0,0.38462151481857376,1.0,1.0,1.0,2.824795303123989e-10,1.7157388865828018e-09,0.00010955254308438569,4.347872663249866e-05,1.0,1.0,1.0,1.0,1.0,1.0,1.0,1.0,2.4968040353771637e-12,8.922885341160777e-12,4.199434285194779e-08,2.089726809220475e-07,1.0,1.0,1.0,1.0,1.0,1.0,1.0,1.0
2.841643314868304e-09,4.922981176147734e-08,0.00014354507819973867,0.00017204171135889621,1.0,1.0,1.0,1.0,1.0,1.0,0.9579012485268589,1.0,8.57530218021035e-07,1.2035449868467532e-05,0.002377811712351252,0.002092168302839256,1.0,1.0,0.08962438577401217,0.10201045078700455,1.0,1.0,0.02074528679211711,0.0229805565351213,1.0674401214398137e-10,1.5221020686050683e-09,4.1340316302133095e-06,1.3260278993395158e-06,1.0,1.0,1.0,1.0,1.0,1.0,0.8930969230478037,1.0,1.230184917369034e-15,3.899089373883585e-15,1.4410609720765384e-14,2.0635934209017593e-14,0.057481805240034704,0.02079893980511551,0.099495283076758,0.14390464391838356,0.46139326396585545,0.597249592377153,0.2596469188006954,0.39548872986708977,3.705372808579523e-13,7.997388425262477e-13,1.225672538935287e-11,2.3293262388048514e-11,1.0,1.0,1.0,1.0,1.0,1.0,1.0,1.0,1.8993597825748212e-08,1.0008503705210296e-07,0.0022848197637174794,0.0010054325533856597,1.0,1.0,1.0,1.0,1.0,1.0,1.0,1.0,2.4091567293913306e-10,7.84093363058762e-10,1.8714078955892316e-06,8.093826679880583e-06,1.0,1.0,1.0,1.0,1.0,1.0,1.0,0.8695456976826247
1.3004931975806869e-09,2.3474947668243588e-08,7.919244890040668e-05,9.525330830203239e-05,1.0,1.0,1.0,1.0,1.0,1.0,1.0,1.0,4.2920437716080444e-07,6.315534280447878e-06,0.0013917426319265825,0.0012210175915871148,1.0,1.0,0.1381461140962244,0.1572130286974593,1.0,1.0,0.03332736664043695,0.0367855585310796,4.6573565053333236e-11,6.878827635871053e-10,2.123718011252118e-06,6.694617962637918e-07,1.0,1.0,1.0,1.0,1.0,1.0,1.0,1.0,4.608873029803713e-16,1.483652170292428e-15,5.566439769896233e-15,8.00384577839246e-15,0.03640191812102707,0.01279755042802167,0.06412065554168903,0.09357771082182456,0.3090407670041431,0.40156448702193426,0.17170459448686912,0.26433887394750244,1.497636071271032e-13,3.259409308143939e-13,5.169736229999495e-12,9.921751669855354e-12,1.0,1.0,1.0,1.0,1.0,1.0,1.0,1.0,8.953522750050486e-09,4.840033287968391e-08,0.0013354659169839377,0.0005772005937798024,1.0,1.0,1.0,1.0,1.0,1.0,1.0,1.0,1.0622810626085678e-10,3.514310890109628e-10,9.528087389229318e-07,4.2238882896127e-06,1.0,1.0,1.0,1.0,1.0,1.0,1.0,1.0
0.0032434439249253095,0.021505093115748514,1.0,1.0,0.0134659417253593,0.001009809254891761,1.0,1.0,1.0,0.027964010350047676,2.151293925269562e-05,4.3544882491107515e-05,0.13357541841302983,0.6748205219185637,1.0,1.0,0.008448635703163725,0.00040413594431855946,4.533207208429637e-07,5.606242026495257e-07,1.0,0.0034889734594106296,4.656567606358124e-08,5.450649217482892e-08,0.00034460670805657687,0.0021153759877502506,0.3515448018664333,0.1749283473578385,1.0,1.0,1.0,1.0,1.0,1.0,1.905578327203571e-05,3.7215453647616334e-05,9.716164693955661e-08,2.2735267684343361e-07,5.947517208924647e-07,7.726254213929862e-07,1.0,1.0,1.0,1.0,1.0,1.0,1.0,1.0,6.281787996445108e-06,1.0927273895512448e-05,7.583504145357393e-05,0.00011895289850484664,1.0,1.0,1.0,1.0,1.0,1.0,1.0,1.0,0.011542005944163884,0.03416281288055733,1.0,1.0,1.0,1.0,1.0,1.0,1.0,1.0,0.3752721204045533,1.0,0.0006044993247441364,0.001347694381492259,0.21747755465138674,0.5307347999577771,1.0,1.0,1.0,1.0,1.0,1.0,3.341830671573122e-05,1.816571971661516e-05
2.804215441029057e-10,5.535405595290399e-09,2.455377993455929e-05,2.9748739563757105e-05,1.0,1.0,1.0,1.0,1.0,1.0,1.0,1.0,1.1097688054037474e-07,1.7828763433236493e-06,0.00048633475063001783,0.0004235270950443383,1.0,1.0,0.3046991680485004,0.34479156767215224,1.0,1.0,0.07947711490014557,0.08724635862349708,9.16441706132219e-12,1.461853361281195e-10,5.797777653150907e-07,1.753096417170645e-07,1.0,1.0,1.0,1.0,1.0,1.0,1.0,1.0,6.825419306176514e-17,2.25643205929808e-16,8.754343937948361e-16,1.2698868182423716e-15,0.014592100047894994,0.004908213167380442,0.02658380829365406,0.03952909252751453,0.1400583851506288,0.1845834984662674,0.0751371658587161,0.11853402901198709,2.5440409852475436e-14,5.6623879277775265e-14,9.61237729352396e-13,1.8754024198079517e-12,1.0,1.0,1.0,1.0,1.0,1.0,1.0,1.0,2.0570362060987247e-09,1.1645954672682035e-08,0.0004658684040713971,0.0001926759437257536,1.0,1.0,1.0,1.0,1.0,1.0,1.0,1.0,2.143106677791366e-11,7.338159596886213e-11,2.5218277852643653e-07,1.1761123604534131e-06,1.0,1.0,1.0,1.0,1.0,1.0,1.0,1.0
4.0469018852225117e-22,2.791426940317681e-20,6.601060016696941e-15,8.83664269335856e-15,1.0,1.0,1.0,1.0,0.5776045785341309,1.0,1.0,1.0,2.115338314014995e-18,1.2684226802379264e-16,6.845064068063709e-13,5.504142451264752e-13,1.0,1.0,1.0,1.0,1.0,1.0,1.0,1.0,3.429221195967947e-24,1.6185055280517776e-22,2.3939138885531658e-17,4.127612278223342e-18,0.013587689622398754,1.0,1.0,1.0,0.00016018440418002488,1.0,1.0,1.0,3.972318705238516e-31,1.943868008893054e-30,1.1836431828262321e-29,1.9444200576935372e-29,1.7512360041605522e-10,2.8512783664375798e-11,4.795611774352061e-10,9.484808378254384e-10,8.646751243731705e-09,1.4148366582362613e-08,2.8791648927059322e-09,6.436501285296971e-09,1.0958311170715966e-27,3.2289030819941567e-27,1.5407214042976173e-25,3.8509456612467626e-25,0.10533564183533665,1.0,0.00010011148647879738,0.00017505233215353238,3.2123097153517336e-07,0.11023200361778882,0.001855041722935696,0.0017901135685876905,6.767747461985947e-21,8.097577019916948e-20,6.402159385696048e-13,1.6039401416972703e-13,0.35059431066481367,0.0002065521043796224,0.029254949105619613,0.001516020611067948,0.000125684947027081,0.0014707501252861166,1.0,1.0,1.111797751348922e-23,6.158751758242536e-23,7.040916236324425e-18,6.825419306176514e-17,0.007992036626887371,1.0,1.0,1.0,3.341830671573122e-05,1.0,1.0,1.0
1.3218157878334568e-22,9.506502278947194e-21,2.58827296929325e-15,3.4814918446135762e-15,1.0,1.0,1.0,1.0,0.3920940571209398,1.0,1.0,1.0,7.555803620290531e-19,4.753241802776478e-17,2.8511027134156745e-13,2.2861816299083293e-13,1.0,1.0,1.0,1.0,1.0,1.0,1.0,1.0,1.068431665964788e-24,5.246456044826759e-23,8.795661046040411e-18,1.4878990964491018e-18,0.00840512971063985,1.0,1.0,1.0,8.984649659552014e-05,1.0,1.0,1.0,1.0705199822881945e-31,5.316501365657542e-31,3.286401978902808e-30,5.420568056322857e-30,7.843304647688187e-11,1.2430941685021863e-11,2.175224155977601e-10,4.3519019942185647e-10,4.104166408908341e-09,6.75025951846356e-09,1.3434386750559539e-09,3.044977186391681e-09,3.168777707902365e-28,9.434014438463793e-28,4.6644376755741713e-26,1.1762523525087707e-25,0.06883540633654121,1.0,5.572139275119725e-05,9.840136354676711e-05,1.6122531409663266e-07,0.07207921116970611,0.0010961086362735446,0.001056930071596229,2.2763186307927583e-21,2.795362664445546e-20,2.6615963466105504e-13,6.544204120917253e-14,0.23691221054845588,0.00011632759227507935,0.018350135930947867,0.0008966291545560363,7.026424894678039e-05,0.00086970281089093,1.0,1.0,3.505496947194399e-24,1.9756787810244393e-23,2.552163180523948e-18,2.5382288190353132e-17,0.0048781903779591095,1.0,0.8695456976826247,1.0,1.816571971661516e-05,1.0,1.0,1.0
