init,Compacidad,Tolerancia,Hamming,Balance
random_dense,219.0,47.0,0.3618397616503125,0.0039237229551317
random_dense,216.0,47.0,0.367210073548726,0.0041565423812795
random_dense,213.0,46.0,0.3641411114440782,0.003958784148633
random_dense,249.0,55.0,0.3723190634879945,0.0043909074654425
random_dense,255.0,52.0,0.3574572382144347,0.0036775146101425
random_dense,253.0,53.0,0.3523988730973005,0.003617582285689
random_dense,241.0,52.0,0.3749448221064712,0.0040703797242185
random_dense,241.0,52.0,0.3662414290338718,0.0040597081443493
random_dense,241.0,52.0,0.3577219622730349,0.0037733709087605
random_dense,241.0,52.0,0.3535983343633206,0.0035615427871445
random_dense,234.0,52.0,0.3766934897254046,0.0041433793511812
random_dense,234.0,52.0,0.3705787415893798,0.0040540531390929
random_dense,234.0,52.0,0.3642897193429108,0.0038573763696527
random_dense,234.0,52.0,0.3576332060374613,0.0036455233549216
random_dense,231.0,51.0,0.3754029658284977,0.0041931431424973
random_dense,229.0,53.0,0.3738966830809254,0.0041535891030608
random_dense,229.0,53.0,0.3700021679209638,0.0040060229611972
random_dense,227.0,52.0,0.3732581935201674,0.004177956718794
random_dense,225.0,52.0,0.371284475965327,0.0039842445265378
random_dense,224.0,51.0,0.3718971631205673,0.0040530929037338
random_dense,297.0,63.0,0.3587977887623277,0.0039943168001903
random_dense,295.0,63.0,0.35213968025003,0.0037199313146777
random_dense,263.0,61.0,0.3817955667017231,0.0043703641165324
random_dense,278.0,57.0,0.3736032450635236,0.0040130427289721
random_dense,278.0,57.0,0.3639311954691566,0.003882512655423
random_dense,278.0,57.0,0.3527252665952344,0.0038176322683544
random_dense,270.0,59.0,0.3510211452587339,0.0035788879942482
random_dense,254.0,58.0,0.3830101357011224,0.0044087921506818
random_dense,264.0,54.0,0.3735996937459703,0.0039899066610697
random_dense,264.0,54.0,0.3678708628841607,0.0039186559321862
random_dense,264.0,54.0,0.3635692026649473,0.0037947938925195
random_dense,264.0,54.0,0.355627417794971,0.0035873657307228
random_dense,247.0,56.0,0.3809472535676343,0.0042376906460245
random_dense,253.0,53.0,0.3771830235752529,0.0041158612420179
random_dense,255.0,52.0,0.3701258517591433,0.0038889341287504
random_dense,255.0,52.0,0.3649005701571409,0.0039528880034977
random_dense,242.0,55.0,0.3786303557821933,0.004072094746797
random_dense,242.0,55.0,0.3744505011429576,0.0040235812997862
random_dense,241.0,52.0,0.3784394220299579,0.0041718013831026
random_dense,237.0,52.0,0.3780411167968399,0.004297562162871
random_dense,293.0,67.0,0.3728547914699973,0.0041560219024637
random_dense,305.0,66.0,0.364428554819207,0.0039349063436449
random_dense,305.0,66.0,0.35590338332752,0.0037002666453276
random_dense,276.0,63.0,0.3816649964025079,0.004330385100167
random_dense,276.0,63.0,0.3767505653201768,0.0041811380993369
random_dense,276.0,63.0,0.3701626580326858,0.0039665204415943
random_dense,276.0,63.0,0.36576536643026,0.0041164274467416
random_dense,282.0,62.0,0.3566721995875459,0.0037430880455677
random_dense,270.0,59.0,0.3815175991594431,0.0043249386209917
random_dense,274.0,58.0,0.3762586064088626,0.0041580424292663
random_dense,278.0,57.0,0.3699200214296648,0.0039355548069987
random_dense,279.0,57.0,0.3610984010778107,0.0036352003349025
random_dense,256.0,59.0,0.3828436668882978,0.0044361267115747
random_dense,256.0,59.0,0.378895861037234,0.0042128460393226
random_dense,256.0,59.0,0.37530820589539,0.0041723045435273
random_dense,252.0,57.0,0.3821695936057638,0.0043759720278178
random_dense,252.0,57.0,0.3796401834965665,0.0041363293065576
random_dense,305.0,68.0,0.3695616788745495,0.004004387784285
random_dense,305.0,68.0,0.3620131380072084,0.0039194990545127
random_dense,306.0,68.0,0.3551893570667037,0.0037486544018459
random_dense,286.0,64.0,0.3809080989932054,0.0042362340967142
random_dense,289.0,64.0,0.3760552406194017,0.004109484453761
random_dense,297.0,63.0,0.3695136948683047,0.0040957486792216
random_dense,297.0,63.0,0.3654004584855648,0.0039437018267483
random_dense,274.0,62.0,0.3821795568670083,0.0043278931999913
random_dense,269.0,63.0,0.3773926283318832,0.0042036280789472
random_dense,269.0,63.0,0.3740014237127264,0.0041166874259898
random_dense,263.0,61.0,0.3796213898551897,0.0042848500239743
random_dense,265.0,57.0,0.3788538739462063,0.0043230076623227
random_dense,309.0,69.0,0.3688201473524753,0.0040174497194509
random_dense,309.0,69.0,0.3660343363400583,0.0039061989313789
random_dense,289.0,66.0,0.3783927212937741,0.0041473670010241
random_dense,299.0,65.0,0.3725301833534951,0.0040369496554858
random_dense,281.0,63.0,0.3816852174351985,0.004226966497506
random_dense,283.0,63.0,0.3791037014760794,0.0041196246940324
random_dense,275.0,61.0,0.3809123146357189,0.0042995252225951
random_dense,309.0,70.0,0.3660745025132548,0.0039616562642358
random_dense,320.0,70.0,0.3611397384751773,0.0038170198542534
random_dense,307.0,67.0,0.3697299420149236,0.0040101065397086
random_dense,319.0,71.0,0.3616382089419507,0.0038250931350786
random_dense,219.0,48.0,0.3720773017260922,0.0036396250402463
random_dense,222.0,51.0,0.3764575745958725,0.003737886332467
random_dense,223.0,48.0,0.3704043825334732,0.0036023738015458
random_dense,217.0,49.0,0.3748774389646044,0.0037299987756634
random_dense,251.0,58.0,0.3809337119606679,0.0040042036839844
random_dense,251.0,58.0,0.3744136927467435,0.0037398714869265
random_dense,253.0,57.0,0.3638816471841448,0.0035013313180522
random_dense,244.0,55.0,0.3830840890594116,0.00410022418121
random_dense,248.0,52.0,0.3771233699382292,0.0037322026527891
random_dense,244.0,55.0,0.3696299848854784,0.0036728984392603
random_dense,245.0,55.0,0.3651758575770734,0.0035506607923978
random_dense,237.0,55.0,0.3825485531316396,0.003910653542645
random_dense,237.0,55.0,0.3793727743364156,0.0037275920785627
random_dense,237.0,55.0,0.3756059789927282,0.0037803311321897
random_dense,238.0,54.0,0.3701092138983252,0.0035793832346446
random_dense,235.0,53.0,0.3835709974347366,0.0039406353128183
random_dense,234.0,54.0,0.3806828514275323,0.0038116360956611
random_dense,234.0,54.0,0.3761971873674001,0.0036550768745266
random_dense,233.0,51.0,0.3813388427236477,0.0038887668901557
random_dense,232.0,49.0,0.3694477561751039,0.0035708279179883
random_dense,228.0,53.0,0.3760614968271743,0.0036918739623015
random_dense,289.0,66.0,0.3821750226999435,0.0041012429129865
random_dense,298.0,65.0,0.3691632157646723,0.0036412154492556
random_dense,290.0,66.0,0.3662906578625581,0.0034665571891009
random_dense,265.0,63.0,0.3885554663455105,0.0040899917230017
random_dense,278.0,60.0,0.3824621154140518,0.0040084866671279
random_dense,282.0,59.0,0.3756350284190936,0.0038704396460484
random_dense,278.0,60.0,0.3659944384917598,0.0036407062068346
random_dense,274.0,61.0,0.3639799140653311,0.0034437216023222
random_dense,260.0,59.0,0.3884138025095472,0.0040944309748774
random_dense,260.0,59.0,0.3841550736497545,0.0040153127896301
random_dense,260.0,59.0,0.3785529187124932,0.0036601599319947
random_dense,260.0,59.0,0.3731519367157664,0.0037391357553032
random_dense,260.0,59.0,0.3680237315875613,0.0035262299122828
random_dense,253.0,57.0,0.3875129649875256,0.0040022923986181
random_dense,249.0,59.0,0.3850045572360363,0.0039650296527406
random_dense,249.0,59.0,0.3816542766811929,0.0038327975244255
random_dense,251.0,58.0,0.3771898222711989,0.0037919244282252
random_dense,249.0,56.0,0.3875893645504001,0.0040128312493829
random_dense,246.0,57.0,0.3854220723058294,0.0040350518674054
random_dense,246.0,57.0,0.3822039151242576,0.0038355492340632
random_dense,244.0,55.0,0.3859398616439949,0.003963968202324
random_dense,239.0,56.0,0.3824594201608356,0.0039101456294457
random_dense,302.0,68.0,0.3800989854868254,0.0039630121204715
random_dense,302.0,68.0,0.3754109717721103,0.003910940007467
random_dense,302.0,68.0,0.3676729604058052,0.0035224055839031
random_dense,282.0,64.0,0.3869900910416981,0.0040162346007535
random_dense,290.0,63.0,0.3828595011005135,0.0040599256476002
random_dense,296.0,62.0,0.3769437655740847,0.0039549553886065
random_dense,290.0,63.0,0.3714233308877476,0.0036994853324964
random_dense,290.0,63.0,0.3669845928099779,0.0036237650285548
random_dense,274.0,62.0,0.3879678521509551,0.0040430461731478
random_dense,265.0,63.0,0.3859761809179713,0.0039814933743635
random_dense,278.0,60.0,0.3791105413541507,0.0039291277110341
random_dense,259.0,61.0,0.3883184095950053,0.004087941114601
random_dense,259.0,61.0,0.385905282181878,0.0039564759234238
random_dense,259.0,61.0,0.383724910320655,0.0039463381061502
random_dense,256.0,59.0,0.3883359652039007,0.0040933549311204
random_dense,263.0,56.0,0.3844686244370736,0.0041070777736708
random_dense,313.0,69.0,0.3761669272426529,0.0039016801154361
random_dense,314.0,69.0,0.3710106382978723,0.0037359994609897
random_dense,314.0,69.0,0.3680009712246465,0.0036681399940905
random_dense,290.0,66.0,0.3850207874786011,0.0039939212332402
random_dense,298.0,65.0,0.3791767813794088,0.0039169451515536
random_dense,306.0,64.0,0.3712105409539702,0.0036903008961568
random_dense,276.0,64.0,0.3860237434474252,0.0039836353849512
random_dense,287.0,62.0,0.3808720685991054,0.0039450930498496
random_dense,265.0,63.0,0.3868727418707346,0.0040579985982455
random_dense,262.0,61.0,0.3884636727843647,0.0040853078031341
random_dense,307.0,70.0,0.3784421419825813,0.0039271043660106
random_dense,318.0,70.0,0.3693044961862706,0.0037445756790774
random_dense,295.0,67.0,0.3839313619425412,0.0040521177041171
random_dense,308.0,66.0,0.3774868748273003,0.0038898184213357
random_dense,291.0,64.0,0.3839779678779459,0.0040229234756071
random_dense,273.0,64.0,0.3872782064271426,0.0041314764131181
random_dense,314.0,71.0,0.3762083841532276,0.003882786510883
random_dense,322.0,71.0,0.3682767278974495,0.0037089460258135
random_dense,302.0,69.0,0.3804306984171715,0.0039632761611558
random_dense,314.0,72.0,0.3748051904052039,0.0038203916611145
random_dense,275.0,50.0,0.3485751128304319,0.0038298963128133
random_dense,274.0,50.0,0.3471068230056426,0.0038323815364741
random_dense,277.0,50.0,0.3496012238523184,0.0038429896885904
random_dense,274.0,50.0,0.3455440803437387,0.0038115965212123
random_dense,298.0,57.0,0.3545028321195678,0.0039841836017679
random_dense,303.0,54.0,0.3431085129789575,0.0036161777200222
random_dense,298.0,57.0,0.3420171117140273,0.0035075649289973
random_dense,293.0,54.0,0.3563194394016411,0.0038933719630069
random_dense,290.0,57.0,0.3518647591098068,0.0038177925227637
random_dense,290.0,57.0,0.3477286622646124,0.0036152987710737
random_dense,292.0,55.0,0.3420923200233168,0.0036372802961203
random_dense,291.0,51.0,0.3565566279154785,0.0038630682495396
random_dense,290.0,52.0,0.3543989973098557,0.0038768885238004
random_dense,290.0,52.0,0.3486304719980435,0.0037087736538946
random_dense,287.0,56.0,0.347616576469716,0.0037944004269099
random_dense,287.0,52.0,0.3534546667655126,0.0039710179204162
random_dense,285.0,55.0,0.3500933184023889,0.0038729614799934
random_dense,283.0,55.0,0.3489837856802746,0.003889205243222
random_dense,284.0,50.0,0.353261412446309,0.0037671143527156
random_dense,282.0,52.0,0.3509726623409285,0.0038484329102198
random_dense,319.0,65.0,0.3487766513261744,0.0035479888239947
random_dense,323.0,65.0,0.3427667259512988,0.0034171131517304
random_dense,314.0,60.0,0.3615411979943081,0.0039653845821882
random_dense,309.0,61.0,0.3572723725584704,0.003813484474409
random_dense,309.0,61.0,0.3514654915191994,0.0036043529706922
random_dense,319.0,58.0,0.3440327708486182,0.0034860180119548
random_dense,309.0,61.0,0.3419403704468773,0.0034919248777405
random_dense,308.0,56.0,0.3601996407847471,0.0039022655566665
random_dense,304.0,58.0,0.3571995147443076,0.0037408816443294
random_dense,304.0,58.0,0.3534871920492721,0.0037102718081426
random_dense,304.0,58.0,0.3472348590892123,0.0036590254971629
random_dense,304.0,58.0,0.3448144130272489,0.0034869109115697
random_dense,303.0,54.0,0.3584252042225499,0.0037977208823875
random_dense,303.0,54.0,0.3537175526063245,0.0037572404280975
random_dense,295.0,59.0,0.3540780141843971,0.0037309682119527
random_dense,296.0,55.0,0.3576019503546099,0.0038927691884677
random_dense,292.0,58.0,0.3519716069173224,0.0037986758360248
random_dense,289.0,56.0,0.3524626371199293,0.0038285103811314
random_dense,343.0,72.0,0.3488643177635795,0.0034459166625545
random_dense,332.0,66.0,0.3616674143382039,0.003732863496495
random_dense,332.0,66.0,0.356666025805349,0.003652776687817
random_dense,332.0,66.0,0.3511012133640946,0.0034904674564548
random_dense,332.0,66.0,0.3459422797573272,0.0035013127597063
random_dense,328.0,66.0,0.3430797007438159,0.0034166191957386
random_dense,322.0,62.0,0.3612313334214351,0.0039180868754129
random_dense,322.0,62.0,0.3573823840359456,0.0037695883808373
random_dense,322.0,62.0,0.353566472842606,0.0035514780617482
random_dense,322.0,62.0,0.3481151711378353,0.0035856803622612
random_dense,322.0,62.0,0.3448884410378397,0.003587531280611
random_dense,316.0,59.0,0.3609699030433611,0.0039137387385518
random_dense,316.0,59.0,0.3581223628691983,0.0037523596626896
random_dense,319.0,58.0,0.3543042308632917,0.0036086101823938
random_dense,310.0,57.0,0.3576584305650881,0.0038431646640382
random_dense,303.0,60.0,0.3553209044308686,0.0036900760356145
random_dense,301.0,58.0,0.3574756721095167,0.0038726291981628
random_dense,338.0,71.0,0.3573691720172898,0.0035879922066881
random_dense,348.0,72.0,0.3515427569902992,0.0035094388263291
random_dense,344.0,72.0,0.3470950849414481,0.0034073766110561
random_dense,337.0,67.0,0.3604341604057495,0.0036548431289073
random_dense,338.0,67.0,0.3576786688488816,0.0036768668704575
random_dense,338.0,67.0,0.3527975366150488,0.0036147977310235
random_dense,338.0,67.0,0.3480055814343866,0.003464046811477
random_dense,337.0,67.0,0.3445082812467117,0.0033105509156883
random_dense,325.0,64.0,0.3613693398799782,0.0037434772101102
random_dense,319.0,65.0,0.3589230529802796,0.003620202017434
random_dense,319.0,65.0,0.3552046510593833,0.0036177401832211
random_dense,319.0,65.0,0.3526340069810356,0.0035848834361163
random_dense,317.0,62.0,0.3607792469293241,0.0038340180805884
random_dense,317.0,62.0,0.3589642481598317,0.0038031229562851
random_dense,317.0,62.0,0.3558711994093563,0.0037317938971277
random_dense,319.0,58.0,0.3589425065030347,0.0038133259821256
random_dense,305.0,60.0,0.3586734100685967,0.0038477765264463
random_dense,347.0,72.0,0.3528726470047213,0.0035509203921827
random_dense,343.0,72.0,0.3500739201455658,0.0034605023487806
random_dense,344.0,72.0,0.3460436252680191,0.0033917896402809
random_dense,336.0,68.0,0.3607311719013846,0.0036855633315563
random_dense,338.0,68.0,0.3582924168030551,0.0036745731523277
random_dense,338.0,68.0,0.3550951571614419,0.0035863457199265
random_dense,338.0,68.0,0.351420537999916,0.0034959505856174
random_dense,330.0,65.0,0.3621883730926284,0.0037689715166004
random_dense,322.0,66.0,0.3598354698030924,0.0036403235751603
random_dense,322.0,66.0,0.3566720629047178,0.0035654149802795
random_dense,322.0,63.0,0.3619306418219462,0.0039087331370695
random_dense,317.0,64.0,0.3594480613911448,0.0036307261762903
random_dense,310.0,63.0,0.3554421185083505,0.0036279762790345
random_dense,339.0,71.0,0.3561580786208916,0.0035533068803874
random_dense,334.0,69.0,0.361073066632692,0.0037242615444965
random_dense,332.0,69.0,0.3595899555669486,0.0036495217149963
random_dense,332.0,69.0,0.3565992694180979,0.0035536161224457
random_dense,332.0,66.0,0.3611226822182347,0.0036964541419175
random_dense,332.0,66.0,0.3591119798342305,0.0036690179469845
random_dense,339.0,71.0,0.3568772359254377,0.0035553610420577
random_dense,342.0,69.0,0.3576375927999668,0.0036278526085583
random_dense,330.0,67.0,0.36190629701268,0.0037632964578174
random_dense,330.0,70.0,0.354580378250591,0.0035002576553519
random_dense,253.0,49.0,0.3503490034479859,0.0037272078196771
random_dense,254.0,49.0,0.350086558329145,0.0037429982560785
random_dense,255.0,49.0,0.3526560979001529,0.0036900433685774
random_dense,256.0,49.0,0.3471991356382978,0.003684031076519
random_dense,274.0,56.0,0.3595667029041777,0.0038987618948224
random_dense,277.0,54.0,0.3500812914458355,0.0033760265133376
random_dense,275.0,55.0,0.3424339136041264,0.0033525192976723
random_dense,272.0,51.0,0.3615619785148101,0.0036760494000009
random_dense,271.0,52.0,0.354027636021041,0.0034940014363084
random_dense,271.0,52.0,0.3463204312894193,0.0034354248723656
random_dense,268.0,51.0,0.3598827670159839,0.003558059892692
random_dense,268.0,50.0,0.3553310574785646,0.0038488610131121
random_dense,265.0,54.0,0.3537033319951826,0.0036824089873551
random_dense,265.0,54.0,0.3510905928007494,0.0035483499552848
random_dense,265.0,50.0,0.3585106382978723,0.0037383381189275
random_dense,265.0,50.0,0.3538137294259333,0.0039144615248911
random_dense,264.0,48.0,0.3573534547603696,0.0036686629102588
random_dense,262.0,49.0,0.3565318607546965,0.003644473205984
random_dense,260.0,51.0,0.3527516366612111,0.0036483335903172
random_dense,300.0,62.0,0.3503368794326241,0.0034087123593715
random_dense,288.0,58.0,0.3668150364460205,0.0039443751461089
random_dense,286.0,59.0,0.361686628973863,0.0037743554197692
random_dense,286.0,59.0,0.3553135694093141,0.0034976723259316
random_dense,289.0,58.0,0.3473582173795676,0.0034047949037629
random_dense,286.0,59.0,0.3415662351832564,0.00334570189178
random_dense,283.0,55.0,0.3658559506804,0.0038209977677561
random_dense,281.0,56.0,0.3624782312410085,0.0038044719046883
random_dense,277.0,58.0,0.358575287400466,0.003658838281925
random_dense,281.0,56.0,0.3516948083087252,0.0035547886426562
random_dense,281.0,56.0,0.3474546326443047,0.0034414771882009
random_dense,277.0,54.0,0.3631839362982307,0.0038100183360311
random_dense,277.0,54.0,0.3580088076401157,0.0035055216953336
random_dense,277.0,54.0,0.3521871879560642,0.0037278719617206
random_dense,276.0,51.0,0.3631860931236509,0.003731040690256
random_dense,271.0,55.0,0.3601351705006412,0.0037661759267967
random_dense,273.0,51.0,0.3625951471696153,0.0037419967868343
random_dense,270.0,50.0,0.3595580509587601,0.0035915523388682
random_dense,299.0,65.0,0.3667514646931853,0.0037802383378285
random_dense,307.0,64.0,0.3600128214013445,0.0035813664569555
random_dense,307.0,64.0,0.3536309977591425,0.0033958942968751
random_dense,307.0,64.0,0.3474830780603876,0.0033133761921801
random_dense,298.0,60.0,0.366331096196868,0.0038512643936661
random_dense,289.0,62.0,0.3638126088983778,0.0036531911514475
random_dense,289.0,62.0,0.3567633561559792,0.0033737178770044
random_dense,298.0,60.0,0.3519146556237802,0.0034680037937248
random_dense,297.0,60.0,0.3473416195047401,0.0033752843580985
random_dense,289.0,58.0,0.3670243441556848,0.0039178734086431
random_dense,286.0,59.0,0.363704557853494,0.0037389719906232
random_dense,283.0,60.0,0.3597943763626794,0.0036321647077935
random_dense,285.0,59.0,0.3543393057110862,0.003382435190445
random_dense,285.0,56.0,0.366458255567998,0.0039968655973804
random_dense,280.0,58.0,0.3630572441742654,0.0039736953046647
random_dense,280.0,58.0,0.3613348530901722,0.0035885930405812
random_dense,280.0,55.0,0.3646434903748733,0.0037732902731552
random_dense,309.0,69.0,0.3623132272946361,0.0036091682990226
random_dense,319.0,69.0,0.3555492563196158,0.003505021423346
random_dense,301.0,66.0,0.366514690982776,0.003771699033283
random_dense,301.0,66.0,0.3647092434202775,0.0037579543496189
random_dense,301.0,66.0,0.3588952899319055,0.00341363230035
random_dense,313.0,65.0,0.3523015657217955,0.0033792761032271
random_dense,313.0,65.0,0.3469286021797748,0.0033918778218216
random_dense,295.0,63.0,0.3668529871378772,0.0037728274890294
random_dense,295.0,63.0,0.3641182834475298,0.0037111882925469
random_dense,301.0,62.0,0.3586537781861879,0.0035382389958917
random_dense,301.0,62.0,0.3528162625762824,0.0033951658394394
random_dense,293.0,60.0,0.3672572797908648,0.0038493411328863
random_dense,289.0,61.0,0.3649261331566419,0.0036983363439127
random_dense,289.0,61.0,0.3611407641905323,0.0036089454536161
random_dense,289.0,58.0,0.3647880929593364,0.003689791050792
random_dense,289.0,55.0,0.3587940808363395,0.0037207340802329
random_dense,309.0,69.0,0.363277215451353,0.00360558712046
random_dense,314.0,69.0,0.3588364502868501,0.0034943945877618
random_dense,322.0,69.0,0.3528726708074534,0.0034570088216077
random_dense,310.0,66.0,0.3632721345229924,0.0036391359412515
random_dense,313.0,66.0,0.3576830263068452,0.0035136014416354
random_dense,313.0,66.0,0.353697913126232,0.0034628794635248
random_dense,298.0,64.0,0.3666166880860583,0.003748837750962
random_dense,298.0,64.0,0.3645104479032796,0.0038171622527852
random_dense,298.0,64.0,0.3606817316388214,0.0036013017428107
random_dense,298.0,61.0,0.3674823885001665,0.0038430307266294
random_dense,293.0,62.0,0.3645523200929489,0.0036646575338502
random_dense,287.0,61.0,0.3627987001754515,0.0036850031915485
random_dense,312.0,69.0,0.3607417257683215,0.0035339414287673
random_dense,320.0,69.0,0.3548121675531915,0.003479646331893
random_dense,307.0,67.0,0.3645147503869522,0.0036334832437514
random_dense,307.0,67.0,0.3618898283549333,0.0035457764697066
random_dense,298.0,65.0,0.366033604645628,0.0037463683544357
random_dense,310.0,69.0,0.3612788835506749,0.0035296048167135
random_dense,316.0,67.0,0.3574462474189783,0.0035003819485144
random_dense,305.0,65.0,0.3657365422625276,0.0036454321920073
random_dense,306.0,68.0,0.3623829555462847,0.0035735099086128
greedy_ting,10.0,0.0,0.4437943262411347,0.0245714186912129
greedy_ting,11.0,0.0,0.4019181173436493,0.0200089226663106
greedy_ting,12.0,0.0,0.3485520094562648,0.0163907323225972
greedy_ting,16.0,0.0,0.2724955673758865,0.0113789228526921
greedy_ting,10.0,0.0,0.5072695035460992,0.0304436082189025
greedy_ting,10.0,0.0,0.4668439716312057,0.0251772735274884
greedy_ting,11.0,0.0,0.4135235332043843,0.0193666715199238
greedy_ting,12.0,0.0,0.3660608747044917,0.0187710573659803
greedy_ting,13.0,0.0,0.3178532460447354,0.0128798851316219
greedy_ting,11.0,0.0,0.4798517085751128,0.0266733500277061
greedy_ting,11.0,0.0,0.4328658929722759,0.0226895417714742
greedy_ting,17.0,0.0,0.3945556946182728,0.0128084659955107
greedy_ting,13.0,0.0,0.4875886524822694,0.0220667818192804
greedy_ting,15.0,0.0,0.4421394799054373,0.0177159900016208
greedy_ting,142.0,18.0,0.305713714913595,0.005126804825949
greedy_ting,101.0,16.0,0.3687855487676427,0.0052525784933194
greedy_ting,101.0,16.0,0.3356330313882452,0.004188547667365
greedy_ting,81.0,13.0,0.3912201208300499,0.0059433752713648
greedy_ting,87.0,8.0,0.3383875438167441,0.0063559344701582
greedy_ting,87.0,8.0,0.3047811200782587,0.0050274721692763
greedy_ting,75.0,4.0,0.3360283687943262,0.0055744546719648
greedy_ting,62.0,7.0,0.3806194234728895,0.0051229043345759
greedy_ting,54.0,8.0,0.3994451011294983,0.0070783556601939
greedy_ting,49.0,7.0,0.4033326096396005,0.0077404954392211
greedy_ting,209.0,33.0,0.3320480844277037,0.0040500404956652
greedy_ting,163.0,26.0,0.3455216899447417,0.0043742476500562
greedy_ting,167.0,25.0,0.3193772030407271,0.0041207449633775
greedy_ting,142.0,18.0,0.3449268304864649,0.0043382090892082
greedy_ting,114.0,19.0,0.3623631330098295,0.0053203099855922
greedy_ting,89.0,15.0,0.3773209020639094,0.0054257531212367
greedy_ting,331.0,55.0,0.3359714812196011,0.0038333908440744
greedy_ting,251.0,42.0,0.3378471927891271,0.0041869019057864
greedy_ting,222.0,30.0,0.3389200370583349,0.0042033820179167
greedy_ting,169.0,30.0,0.3476541189307147,0.0040650670859634
greedy_ting,153.0,24.0,0.3472685764613173,0.0046481985266627
greedy_ting,352.0,59.0,0.3328422187298517,0.0037414572715433
greedy_ting,285.0,47.0,0.3350690556177678,0.0041242146310714
greedy_ting,236.0,40.0,0.3356923909123693,0.004126881638871
greedy_ting,183.0,29.0,0.3404061543231407,0.0044331875378139
greedy_ting,302.0,52.0,0.3345985392889014,0.004013470992376
greedy_ting,262.0,44.0,0.3295909804558497,0.0039803416171304
greedy_ting,236.0,37.0,0.3324355391272989,0.0042520226020047
greedy_ting,332.0,57.0,0.3314748355122618,0.0038757087104036
greedy_ting,11.0,0.0,0.4477756286266924,0.025011317338162
greedy_ting,11.0,0.0,0.3907962604771116,0.0210298213939053
greedy_ting,13.0,0.0,0.3437670485542826,0.015038996637984
greedy_ting,16.0,0.0,0.2931626773049645,0.0107249431726192
greedy_ting,20.0,0.0,0.2511524822695035,0.0064259767491575
greedy_ting,10.0,0.0,0.487854609929078,0.0324854682234293
greedy_ting,10.0,0.0,0.4678191489361702,0.0241505630375734
greedy_ting,12.0,0.0,0.4162234042553192,0.0203652487509013
greedy_ting,12.0,0.0,0.3708628841607564,0.017405559607442
greedy_ting,14.0,0.0,0.3170592705167173,0.0140115214544396
greedy_ting,10.0,0.0,0.4875,0.0239660904255319
greedy_ting,10.0,0.0,0.4325354609929078,0.0247127203737236
greedy_ting,16.0,0.0,0.3890735815602837,0.0136538846566758
greedy_ting,137.0,23.0,0.3445087228865766,0.0044252516318731
greedy_ting,109.0,13.0,0.3544147309519161,0.0053988833085517
greedy_ting,109.0,13.0,0.320157459821719,0.0044325547884417
greedy_ting,92.0,6.0,0.3487897008942337,0.0067422741992549
greedy_ting,86.0,11.0,0.3165615206993237,0.0052904117273262
greedy_ting,72.0,10.0,0.3733870173364854,0.0063147427072932
greedy_ting,63.0,8.0,0.378757176629517,0.0073169960661248
greedy_ting,58.0,4.0,0.3840945218879922,0.008734574902821
greedy_ting,50.0,8.0,0.366595744680851,0.0057011770031688
greedy_ting,208.0,36.0,0.3285597381342062,0.003018521873044
greedy_ting,165.0,28.0,0.3384859230603911,0.0042965333530188
greedy_ting,174.0,25.0,0.3130757316377272,0.0038717470947114
greedy_ting,137.0,23.0,0.3523386136563648,0.0050216976833862
greedy_ting,122.0,17.0,0.3612951982327636,0.0056727781576921
greedy_ting,95.0,13.0,0.3490108249346771,0.0056490578777521
greedy_ting,330.0,56.0,0.3344535783365571,0.0040020192502483
greedy_ting,269.0,42.0,0.3347867067415433,0.0044197142365762
greedy_ting,225.0,32.0,0.3447281323877068,0.0044306698932723
greedy_ting,194.0,25.0,0.3377568180156467,0.004089313747545
greedy_ting,165.0,22.0,0.3433268858800773,0.0046513158250266
greedy_ting,363.0,61.0,0.3346692261102319,0.0038179842865079
greedy_ting,295.0,49.0,0.3318788315903354,0.0040788969866251
greedy_ting,240.0,42.0,0.3344156323877068,0.0041206611494424
greedy_ting,189.0,30.0,0.3424659461893504,0.0046812847272082
greedy_ting,322.0,53.0,0.3322238007136249,0.0039347285858084
greedy_ting,262.0,47.0,0.3371738130041687,0.0035889888430466
greedy_ting,226.0,42.0,0.339809671750455,0.003093681244716
greedy_ting,26.0,0.0,0.290132296781233,0.0289299166114565
greedy_ting,21.0,0.0,0.4545339412360689,0.0344110221549514
greedy_ting,11.0,0.0,0.3967601547388781,0.0225166120129648
greedy_ting,13.0,0.0,0.3398117839607201,0.0174489720865779
greedy_ting,16.0,0.0,0.2820257092198581,0.010554584445419
greedy_ting,9.0,0.0,0.464736012608353,0.0271690245230728
greedy_ting,10.0,0.0,0.4163120567375887,0.0224998742517981
greedy_ting,12.0,0.0,0.373153073286052,0.0170006274747945
greedy_ting,14.0,0.0,0.3246580547112462,0.0140382750259452
greedy_ting,10.0,0.0,0.5080673758865248,0.0275678961697096
greedy_ting,9.0,0.0,0.489558707643814,0.0282159947365836
greedy_ting,10.0,0.0,0.4338652482269503,0.0228602371611086
greedy_ting,13.0,0.0,0.3908892525913802,0.0172504954776779
greedy_ting,20.0,1.0,0.4499113475177305,0.0177038928499572
greedy_ting,144.0,12.0,0.3115888494877856,0.005780221431134
greedy_ting,116.0,5.0,0.3437117877231597,0.0138669126243927
greedy_ting,112.0,8.0,0.312325861195542,0.0071224163937257
greedy_ting,93.0,2.0,0.3785079691908793,0.010346307229222
greedy_ting,85.0,9.0,0.3480287859824781,0.0080098079028698
greedy_ting,91.0,4.0,0.316976463253059,0.0082443115293088
greedy_ting,77.0,1.0,0.4027010223818734,0.0168167476174162
greedy_ting,76.0,2.0,0.3705907054871221,0.018636871357395
greedy_ting,65.0,2.0,0.3373022367703218,0.0103018580003684
greedy_ting,55.0,5.0,0.3609606705351386,0.0100168720831094
greedy_ting,51.0,2.0,0.4002051175079961,0.0144792089513729
greedy_ting,218.0,31.0,0.3165544277441603,0.0039854426547959
greedy_ting,189.0,17.0,0.3514156253517955,0.0085834229375078
greedy_ting,174.0,22.0,0.3162397081601043,0.0048773580468854
greedy_ting,157.0,11.0,0.3461681799701856,0.010202321340833
greedy_ting,131.0,9.0,0.3441408153321423,0.0118519463999275
greedy_ting,96.0,9.0,0.3583499556737589,0.0079334234025295
greedy_ting,344.0,53.0,0.3382040656440706,0.0041119234543135
greedy_ting,324.0,55.0,0.3332704010156728,0.003970229762652
greedy_ting,270.0,39.0,0.3407374573154715,0.0039625227299793
greedy_ting,257.0,22.0,0.3376590225460165,0.0059780004319619
greedy_ting,192.0,23.0,0.3423186317966902,0.0073970089446212
greedy_ting,179.0,14.0,0.3481318594239074,0.0094148998532153
greedy_ting,342.0,60.0,0.3340098917506532,0.0037954835427521
greedy_ting,314.0,44.0,0.345004969056331,0.0046638492057377
greedy_ting,288.0,31.0,0.3369748571710008,0.0050154141239617
greedy_ting,204.0,23.0,0.3386872479488249,0.0071093771589554
greedy_ting,353.0,63.0,0.3354630020292126,0.0036744048607725
greedy_ting,336.0,49.0,0.3362145390070922,0.0042387820173527
greedy_ting,285.0,41.0,0.3343318402388951,0.0046701729456935
greedy_ting,237.0,37.0,0.326992997576084,0.0037177884778395
greedy_ting,347.0,57.0,0.3391838861978049,0.0040255843463451
greedy_ting,14.0,0.0,0.3785460992907801,0.0225553619289874
greedy_ting,22.0,0.0,0.3213652482269503,0.0229973829175121
greedy_ting,10.0,0.0,0.5039007092198582,0.0317223731200645
greedy_ting,9.0,0.0,0.4660165484633569,0.0280238309143101
greedy_ting,10.0,0.0,0.4112588652482269,0.0231267840526129
greedy_ting,11.0,0.0,0.3619439071566731,0.0187753431990591
greedy_ting,15.0,0.0,0.3093971631205673,0.0134420321747732
greedy_ting,9.0,0.0,0.5059101654846336,0.0298880188976261
greedy_ting,9.0,0.0,0.4810874704491725,0.0288210221186428
greedy_ting,9.0,0.0,0.4286840031520882,0.0265443586872757
greedy_ting,10.0,0.0,0.3899822695035461,0.0224085103239272
greedy_ting,12.0,0.0,0.3404994089834515,0.015530552403118
greedy_ting,11.0,0.0,0.4831560283687943,0.0240700699638051
greedy_ting,11.0,0.0,0.4429400386847195,0.0226951601699533
greedy_ting,22.0,1.0,0.4173920051579625,0.012628178727478
greedy_ting,126.0,14.0,0.3390746369469773,0.0060536591053883
greedy_ting,97.0,6.0,0.3593258755575053,0.0093086666708471
greedy_ting,93.0,9.0,0.348499580568901,0.0079500188764785
greedy_ting,75.0,6.0,0.3723404255319149,0.0091299834012373
greedy_ting,75.0,6.0,0.34,0.0086219070133963
greedy_ting,64.0,3.0,0.3657053413120567,0.0116330086300475
greedy_ting,54.0,4.0,0.3576799317047544,0.0123375542705262
greedy_ting,48.0,3.0,0.394706708037825,0.0142758589906602
greedy_ting,44.0,1.0,0.3978280141843972,0.0164107732167294
greedy_ting,188.0,29.0,0.3414299456767768,0.0044673080240158
greedy_ting,153.0,19.0,0.3537002271357715,0.0054964533836745
greedy_ting,150.0,21.0,0.3364302600472813,0.0059094003766857
greedy_ting,126.0,14.0,0.3588877631430823,0.005909354410316
greedy_ting,107.0,11.0,0.3479817061045933,0.006210568482084
greedy_ting,82.0,8.0,0.3730972150147033,0.0082068201508373
greedy_ting,283.0,53.0,0.3406698744455304,0.0034225086890894
greedy_ting,228.0,38.0,0.3502084110986686,0.0036374696894196
greedy_ting,192.0,28.0,0.3511654107565012,0.0041955403660842
greedy_ting,162.0,22.0,0.3502265563435776,0.0050900793714657
greedy_ting,145.0,16.0,0.3479823917828319,0.0048377040776687
greedy_ting,294.0,59.0,0.3442912626043325,0.0032771817581279
greedy_ting,258.0,44.0,0.3401643850678981,0.0037890842088456
greedy_ting,243.0,30.0,0.3460547821264921,0.0037695222656492
greedy_ting,167.0,24.0,0.3504639656856499,0.0053081869147946
greedy_ting,277.0,49.0,0.3430403000742504,0.0035287734828961
greedy_ting,247.0,39.0,0.3458703017773566,0.0037336147474372
greedy_ting,210.0,34.0,0.3409912191827085,0.0041806742607174
greedy_ting,290.0,56.0,0.3421985815602837,0.003252463782574
greedy_multi,8.0,0.0,0.4917996453900709,0.0288002187232785
greedy_multi,8.0,0.0,0.4712987588652482,0.0283068903530695
greedy_multi,7.0,0.0,0.5067122593718338,0.0327020869838802
greedy_multi,16.0,1.0,0.4901374113475177,0.0211793250897528
greedy_multi,16.0,1.0,0.4669215425531915,0.0206499147220886
greedy_multi,16.0,1.0,0.4511303191489361,0.0162841833715292
greedy_multi,15.0,0.0,0.5076832151300237,0.0295390769523102
greedy_multi,15.0,0.0,0.4911347517730496,0.0241294451989335
greedy_multi,14.0,1.0,0.4768237082066869,0.0195453605842519
greedy_multi,15.0,0.0,0.4539598108747045,0.0172104822303818
greedy_multi,15.0,0.0,0.4310283687943262,0.0151562316617209
greedy_multi,13.0,1.0,0.5080469176213858,0.0215895339101977
greedy_multi,13.0,1.0,0.4972040370976541,0.0189921406257764
greedy_multi,13.0,1.0,0.48240589198036,0.0178825662097764
greedy_multi,13.0,0.0,0.466380250954719,0.0173660824434973
greedy_multi,12.0,1.0,0.5062795508274232,0.0205414872571663
greedy_multi,12.0,1.0,0.4958628841607564,0.0200035698517288
greedy_multi,12.0,0.0,0.483451536643026,0.019032688943659
greedy_multi,11.0,1.0,0.5083010960670534,0.0240797349082412
greedy_multi,11.0,1.0,0.4924242424242424,0.0218932555731396
greedy_multi,11.0,0.0,0.5081399097356544,0.0204337125628898
greedy_multi,23.0,2.0,0.5043555349984582,0.0177014706668191
greedy_multi,23.0,2.0,0.4879355534998458,0.0179804462615891
greedy_multi,23.0,2.0,0.4744449583718779,0.0156328533198808
greedy_multi,23.0,2.0,0.4578322540857231,0.0115482430004842
greedy_multi,19.0,2.0,0.5081653602090332,0.0212099226373376
greedy_multi,19.0,2.0,0.4959406494960806,0.0165008788963306
greedy_multi,19.0,2.0,0.4822695035460992,0.0140026370199083
greedy_multi,19.0,2.0,0.4679451287793952,0.0132600237862651
greedy_multi,18.0,1.0,0.5083234830575256,0.018594256097701
greedy_multi,18.0,1.0,0.497832939322301,0.0144095407799866
greedy_multi,18.0,1.0,0.4818754925137903,0.0140638496585548
greedy_multi,16.0,1.0,0.5066489361702128,0.0151790850875207
greedy_multi,16.0,1.0,0.4973404255319149,0.0149253291459181
greedy_multi,15.0,1.0,0.5083333333333333,0.0154151891252955
greedy_multi,30.0,6.0,0.4732565011820331,0.0102116962244801
greedy_multi,25.0,5.0,0.5039007092198582,0.011457124893114
greedy_multi,31.0,4.0,0.4814687714481812,0.0113188691235222
greedy_multi,30.0,4.0,0.4656619385342789,0.01026691802335
greedy_multi,23.0,4.0,0.4996530989824236,0.0143518618554501
greedy_multi,23.0,4.0,0.4845050878815911,0.0125432939886463
greedy_multi,27.0,3.0,0.4657538744418177,0.0114379880850042
greedy_multi,22.0,3.0,0.5080190199871051,0.0149937956642644
greedy_multi,22.0,3.0,0.4979448742746615,0.0128192481187653
greedy_multi,22.0,3.0,0.4860573823339781,0.0124880370331573
greedy_multi,24.0,1.0,0.5041371158392435,0.0146536388036595
greedy_multi,24.0,1.0,0.4943853427895981,0.0137958002895002
greedy_multi,19.0,2.0,0.5071855169839492,0.0145355080875251
greedy_multi,38.0,6.0,0.4921379245987308,0.0099754414589174
greedy_multi,37.0,6.0,0.4796578493387003,0.0099615809161295
greedy_multi,31.0,5.0,0.499113475177305,0.0128681227902795
greedy_multi,31.0,5.0,0.4848718828643331,0.01006995705483
greedy_multi,30.0,5.0,0.4736997635933806,0.009848092679219
greedy_multi,28.0,4.0,0.5045276089159068,0.0130139033483281
greedy_multi,28.0,4.0,0.4970238095238095,0.0121491970014956
greedy_multi,28.0,4.0,0.4861955420466058,0.0115558908413223
greedy_multi,23.0,4.0,0.5047795251310515,0.0135683022870769
greedy_multi,23.0,4.0,0.5022355843354918,0.0123225571640866
greedy_multi,23.0,3.0,0.5079787234042553,0.0141944745503229
greedy_multi,36.0,5.0,0.49751280535855,0.0109597702151489
greedy_multi,37.0,5.0,0.4839227525397738,0.0108072169060769
greedy_multi,26.0,5.0,0.5059328968903437,0.0120561600026072
greedy_multi,27.0,5.0,0.5036446020488574,0.0114762731513824
greedy_multi,27.0,4.0,0.5063041765169425,0.0119532721752038
greedy_multi,38.0,8.0,0.4804264650989175,0.0097965637710234
greedy_multi,31.0,7.0,0.4937943262411347,0.0104263570311512
greedy_multi,30.0,6.0,0.5052304964539007,0.0114354078642925
greedy_multi,31.0,6.0,0.4985701212537177,0.0100310917335879
greedy_multi,31.0,5.0,0.5066632349576756,0.0115440766617042
greedy_multi,35.0,8.0,0.4913120567375886,0.0090763505870131
greedy_multi,35.0,7.0,0.500582573454914,0.0104816406342226
greedy_multi,35.0,6.0,0.5049645390070923,0.0110116827778342
greedy_multi,37.0,8.0,0.5003354418248035,0.0097859817962163
greedy_multi,39.0,7.0,0.4916348426986725,0.009140323451823
greedy_multi,8.0,0.0,0.5066489361702128,0.0344748519314924
greedy_multi,7.0,0.0,0.5073454913880446,0.0330188473457891
greedy_multi,8.0,0.0,0.4986702127659574,0.0297522210276139
greedy_multi,16.0,1.0,0.4883643617021276,0.0228172936589898
greedy_multi,16.0,1.0,0.4633754432624113,0.0177985742462574
greedy_multi,16.0,1.0,0.4433178191489361,0.0178940397268041
greedy_multi,14.0,1.0,0.5074088145896657,0.0229992779422769
greedy_multi,14.0,1.0,0.4909447821681864,0.0228093404160365
greedy_multi,14.0,1.0,0.4751773049645389,0.0183446096108581
greedy_multi,14.0,1.0,0.4556104356636271,0.017193881240062
greedy_multi,14.0,1.0,0.4404761904761905,0.0177335118444542
greedy_multi,13.0,0.0,0.5085242771412984,0.0235330272443524
greedy_multi,13.0,0.0,0.4939989088925259,0.0195304815129309
greedy_multi,13.0,0.0,0.4783142389525368,0.0181834690074582
greedy_multi,13.0,0.0,0.4655619203491544,0.018002822228651
greedy_multi,12.0,0.0,0.5077570921985816,0.0194125915080143
greedy_multi,12.0,0.0,0.4955673758865248,0.0190406355314119
greedy_multi,12.0,0.0,0.4839686761229314,0.018944878057428
greedy_multi,11.0,1.0,0.5077369439071566,0.0224329595805789
greedy_multi,11.0,0.0,0.5067698259187621,0.0215091779559452
greedy_multi,20.0,3.0,0.5054964539007092,0.0148368102711131
greedy_multi,20.0,3.0,0.4979609929078014,0.0156075445777376
greedy_multi,20.0,3.0,0.4839095744680851,0.0124693783480458
greedy_multi,22.0,2.0,0.4606705351386202,0.0129819429739179
greedy_multi,19.0,2.0,0.5041993281075028,0.0193729473608969
greedy_multi,19.0,2.0,0.4955207166853303,0.0187664038703416
greedy_multi,19.0,2.0,0.4793766330720418,0.0139358877147281
greedy_multi,19.0,2.0,0.4652855543113102,0.0137700550965223
greedy_multi,18.0,1.0,0.508274231678487,0.0173665252697997
greedy_multi,18.0,1.0,0.4965031520882584,0.0134634965971915
greedy_multi,18.0,1.0,0.4836485421591805,0.0144861540362688
greedy_multi,16.0,1.0,0.5076462765957447,0.0156080903052851
greedy_multi,16.0,1.0,0.4982269503546099,0.0162174901602032
greedy_multi,16.0,0.0,0.50603945035461,0.0160006205624639
greedy_multi,30.0,4.0,0.4857269503546099,0.0111802438048052
greedy_multi,31.0,4.0,0.478494623655914,0.0102662218975014
greedy_multi,26.0,3.0,0.4922940534642662,0.012897519642762
greedy_multi,26.0,3.0,0.4777686852154937,0.0133544404294308
greedy_multi,27.0,3.0,0.4679866036249014,0.010914649598237
greedy_multi,24.0,2.0,0.5060209810874704,0.0140234773966732
greedy_multi,24.0,2.0,0.4955304373522458,0.0140828475763256
greedy_multi,27.0,1.0,0.4696611505122143,0.0134074492199781
greedy_multi,21.0,2.0,0.5072610604525498,0.0137658067770809
greedy_multi,21.0,2.0,0.4992401215805471,0.0131947716463981
greedy_multi,19.0,2.0,0.5063923105636432,0.014521720633197
greedy_multi,37.0,6.0,0.489241901475944,0.0098762852403134
greedy_multi,37.0,6.0,0.4817184205482078,0.0102833594501968
greedy_multi,30.0,5.0,0.4949468085106383,0.0116224163984038
greedy_multi,30.0,5.0,0.4854018912529551,0.0117254294999693
greedy_multi,30.0,5.0,0.472724586288416,0.0098756341551676
greedy_multi,33.0,3.0,0.4879647539222007,0.0097559011471792
greedy_multi,28.0,4.0,0.4834409827760891,0.0116701378543533
greedy_multi,26.0,3.0,0.5056942171303873,0.012044509459613
greedy_multi,26.0,3.0,0.4972381342062192,0.0123001168621196
greedy_multi,26.0,2.0,0.499659028914348,0.0135128301485554
greedy_multi,35.0,5.0,0.5018237082066869,0.0109114229666515
greedy_multi,35.0,5.0,0.4746960486322188,0.0098518217834893
greedy_multi,26.0,5.0,0.4952264048008729,0.0112030300703386
greedy_multi,31.0,3.0,0.4943090825897964,0.0116557190818669
greedy_multi,30.0,6.0,0.5016843971631205,0.0118342392443371
greedy_multi,30.0,5.0,0.5054373522458628,0.0126733508821934
greedy_multi,35.0,8.0,0.49080547112462,0.0096201935957723
greedy_multi,34.0,7.0,0.5019555694618273,0.0101045526407644
greedy_multi,34.0,6.0,0.5012515644555694,0.0113698782844428
greedy_multi,38.0,7.0,0.4868887644643523,0.0100341818271624
greedy_multi,7.0,0.0,0.5092451874366768,0.0350498572372963
greedy_multi,7.0,0.0,0.4830293819655522,0.032278216100081
greedy_multi,8.0,0.0,0.4557845744680851,0.0272310555421946
greedy_multi,7.0,0.0,0.5067122593718338,0.0327020869838802
greedy_multi,8.0,0.0,0.4884751773049645,0.0281805649866706
greedy_multi,8.0,0.0,0.4707446808510638,0.0278453674362455
greedy_multi,16.0,0.0,0.4727947695035461,0.0203667847864717
greedy_multi,16.0,0.0,0.4457557624113475,0.0186631422540287
greedy_multi,16.0,0.0,0.4245345744680851,0.0152768223861664
greedy_multi,14.0,0.0,0.5075987841945289,0.0260133252033271
greedy_multi,14.0,0.0,0.4858156028368794,0.0228303559238694
greedy_multi,14.0,0.0,0.45637031408308,0.0206802180563639
greedy_multi,14.0,0.0,0.4333206686930091,0.0158399067243465
greedy_multi,14.0,0.0,0.416160081053698,0.0171965156969685
greedy_multi,12.0,0.0,0.5079048463356974,0.0226116170293106
greedy_multi,12.0,0.0,0.4892878250591017,0.0190132536421569
greedy_multi,12.0,0.0,0.4707446808510638,0.0176872705095317
greedy_multi,12.0,0.0,0.4508717494089835,0.0177733239773179
greedy_multi,11.0,1.0,0.5070921985815603,0.0220322281209559
greedy_multi,11.0,1.0,0.4855738233397808,0.0218451062229355
greedy_multi,11.0,1.0,0.4817053513862024,0.0218943662623186
greedy_multi,11.0,0.0,0.5076563507414571,0.020280164655319
greedy_multi,11.0,0.0,0.4941166989039329,0.0208023834272599
greedy_multi,10.0,1.0,0.5030141843971631,0.0232887870328454
greedy_multi,19.0,2.0,0.5020530048525569,0.0173186275513822
greedy_multi,19.0,2.0,0.4875886524822695,0.0153269902596349
greedy_multi,19.0,2.0,0.4667786487495334,0.0135964459447842
greedy_multi,19.0,2.0,0.4446155281821575,0.0137642531755078
greedy_multi,16.0,2.0,0.5065381205673759,0.0161778868446947
greedy_multi,16.0,2.0,0.4921320921985815,0.0157708752821475
greedy_multi,18.0,1.0,0.4673463356973995,0.0136133853488441
greedy_multi,18.0,1.0,0.4480890464933018,0.0124308986463283
greedy_multi,16.0,1.0,0.5072584219858156,0.0171618266134673
greedy_multi,16.0,1.0,0.4927969858156028,0.0142987371540352
greedy_multi,16.0,1.0,0.4755651595744681,0.014207210514868
greedy_multi,16.0,0.0,0.5048204787234043,0.0155428921958701
greedy_multi,16.0,0.0,0.4943484042553192,0.0153021685080916
greedy_multi,15.0,0.0,0.5059101654846335,0.0155127452788536
greedy_multi,27.0,3.0,0.5031192540057788,0.0126715882943154
greedy_multi,27.0,3.0,0.4840097189387969,0.0124912974568365
greedy_multi,27.0,3.0,0.4629957972156553,0.0097043447176681
greedy_multi,25.0,2.0,0.486063829787234,0.0133405349328504
greedy_multi,25.0,2.0,0.4647163120567376,0.013030238670087
greedy_multi,25.0,2.0,0.4472340425531914,0.0119817111815299
greedy_multi,24.0,1.0,0.5029920212765958,0.0145617604761351
greedy_multi,24.0,1.0,0.4873670212765957,0.0137847045388812
greedy_multi,24.0,1.0,0.4636524822695035,0.0123153335261472
greedy_multi,18.0,2.0,0.5059594168636722,0.0137794971709759
greedy_multi,18.0,2.0,0.4951733648542158,0.0129133991539785
greedy_multi,18.0,1.0,0.505220646178093,0.0139710812513468
greedy_multi,25.0,5.0,0.496950354609929,0.0122063024998742
greedy_multi,25.0,4.0,0.4915602836879432,0.0133585584226145
greedy_multi,25.0,4.0,0.4773758865248226,0.0112838941703133
greedy_multi,25.0,4.0,0.4609574468085106,0.0099622038629847
greedy_multi,25.0,3.0,0.5043617021276596,0.012324237965897
greedy_multi,25.0,3.0,0.4968085106382978,0.0134479704240229
greedy_multi,25.0,3.0,0.4780851063829787,0.0105268296363362
greedy_multi,25.0,2.0,0.5045035460992908,0.0127485123987726
greedy_multi,25.0,2.0,0.4931914893617021,0.0134770484382074
greedy_multi,25.0,1.0,0.5031560283687944,0.0139020962225242
greedy_multi,31.0,6.0,0.4585335163578128,0.0091549892254334
greedy_multi,29.0,5.0,0.5036989483981413,0.0110504848901498
greedy_multi,29.0,5.0,0.4884446074834923,0.0108420929440994
greedy_multi,29.0,5.0,0.4785399853264857,0.010021754139867
greedy_multi,30.0,5.0,0.4570626477541371,0.0094812458782534
greedy_multi,29.0,4.0,0.5029958425042798,0.0108907474802063
greedy_multi,29.0,4.0,0.4889337246270481,0.0117723604973971
greedy_multi,29.0,4.0,0.4767669356810956,0.0102566423609298
greedy_multi,29.0,3.0,0.4848679383712398,0.0105231648148935
greedy_multi,24.0,3.0,0.5051344562647754,0.0129128980956657
greedy_multi,33.0,6.0,0.4738072211476467,0.0095061245436517
greedy_multi,33.0,6.0,0.4607779926928863,0.0094499831388866
greedy_multi,32.0,5.0,0.4891400709219858,0.0100667084386474
greedy_multi,34.0,5.0,0.4697799332498957,0.0090141384218365
greedy_multi,25.0,4.0,0.5032978723404256,0.0129139467330617
greedy_multi,31.0,6.0,0.4834706016929764,0.009671355046397
greedy_multi,7.0,0.0,0.4956940222897669,0.0337055865050109
greedy_multi,8.0,0.0,0.4758421985815603,0.0287271275809825
greedy_multi,8.0,0.0,0.4575576241134751,0.0286036757574753
greedy_multi,7.0,0.0,0.5077254305977711,0.0329769366249591
greedy_multi,8.0,0.0,0.4964539007092198,0.0286332585131532
greedy_multi,16.0,0.0,0.4614915780141844,0.0214247643350984
greedy_multi,16.0,0.0,0.4379986702127659,0.0183154926844018
greedy_multi,13.0,1.0,0.5070921985815603,0.024132419255517
greedy_multi,13.0,1.0,0.4938625204582652,0.0215956353022375
greedy_multi,13.0,1.0,0.4772231314784506,0.0205269988085919
greedy_multi,13.0,1.0,0.4590152755046371,0.0168795708355246
greedy_multi,13.0,1.0,0.4411483906164757,0.0178130838176499
greedy_multi,12.0,1.0,0.5090868794326241,0.0234288056907349
greedy_multi,12.0,1.0,0.4973404255319149,0.0185360708716864
greedy_multi,12.0,1.0,0.4850029550827423,0.018336702118927
greedy_multi,12.0,1.0,0.4709663120567375,0.0182604236090152
greedy_multi,11.0,1.0,0.5083010960670534,0.0212663007601843
greedy_multi,11.0,1.0,0.498388136686009,0.0204973725900513
greedy_multi,11.0,1.0,0.4732430689877498,0.0205460090846323
greedy_multi,11.0,0.0,0.5076563507414571,0.0199284853868119
greedy_multi,11.0,0.0,0.4994358478401031,0.0204117326086079
greedy_multi,10.0,1.0,0.5015070921985816,0.0227370903752325
greedy_multi,20.0,2.0,0.5076241134751773,0.0192326530355616
greedy_multi,20.0,2.0,0.4908244680851064,0.0187256500396107
greedy_multi,25.0,0.0,0.4622695035460992,0.0135863387153563
greedy_multi,20.0,2.0,0.463031914893617,0.0148833606835672
greedy_multi,17.0,2.0,0.5082394659991656,0.0192945495420937
greedy_multi,17.0,2.0,0.4969753858990405,0.017745888642962
greedy_multi,17.0,2.0,0.4838339591155611,0.0157390517697949
greedy_multi,17.0,2.0,0.4695974134334585,0.0155055337693533
greedy_multi,18.0,0.0,0.5081264775413712,0.0200093696964532
greedy_multi,18.0,0.0,0.4943360914105594,0.0160922743991877
greedy_multi,18.0,0.0,0.4803979511426319,0.0152886429657698
greedy_multi,16.0,0.0,0.506925975177305,0.0160445341923113
greedy_multi,16.0,0.0,0.4960660460992908,0.0154675415155723
greedy_multi,15.0,0.0,0.506678486997636,0.0165590227129197
greedy_multi,30.0,5.0,0.4722517730496454,0.0108307057198665
greedy_multi,30.0,5.0,0.4617612293144208,0.0096804284101514
greedy_multi,24.0,4.0,0.5080895390070922,0.0140250710804808
greedy_multi,30.0,3.0,0.4903959810874704,0.0127653278325481
greedy_multi,30.0,3.0,0.4690602836879433,0.0119278797386114
greedy_multi,30.0,3.0,0.4620271867612293,0.010765512263244
greedy_multi,26.0,2.0,0.4952264048008729,0.0157353226550043
greedy_multi,30.0,1.0,0.4694444444444444,0.0117968544785921
greedy_multi,26.0,2.0,0.4601745771958538,0.011984584907418
greedy_multi,24.0,1.0,0.5078679078014184,0.0174392657470805
greedy_multi,24.0,1.0,0.4931663711583924,0.0151150307327732
greedy_multi,27.0,0.0,0.4699238245337536,0.0130828153162896
greedy_multi,21.0,1.0,0.5076832151300236,0.0149937978477611
greedy_multi,21.0,1.0,0.4963272543059777,0.0131255727103476
greedy_multi,17.0,2.0,0.5068836045056321,0.0154315234468617
greedy_multi,30.0,4.0,0.493144208037825,0.0123958665168864
greedy_multi,30.0,4.0,0.4786347517730496,0.0120661818025585
greedy_multi,30.0,4.0,0.4620271867612293,0.0108285540284135
greedy_multi,28.0,3.0,0.5069022289766971,0.0136527862144555
greedy_multi,28.0,3.0,0.4959156534954407,0.0134971678024423
greedy_multi,28.0,3.0,0.4840108915906788,0.0112680403358528
greedy_multi,26.0,2.0,0.507399072558647,0.0148915901220992
greedy_multi,30.0,1.0,0.4891843971631205,0.0126844411749911
greedy_multi,19.0,3.0,0.4929544606196342,0.0144245357348522
greedy_multi,27.0,5.0,0.5070921985815603,0.0128863962800887
greedy_multi,26.0,5.0,0.4992498636115657,0.0127937215708612
greedy_multi,26.0,5.0,0.4896344789961811,0.0111341103828133
greedy_multi,26.0,4.0,0.5075013638843426,0.0132783218433704
greedy_multi,26.0,4.0,0.4988406983087834,0.0123103350661286
greedy_multi,31.0,2.0,0.4857584076870281,0.012114429319592
greedy_multi,34.0,7.0,0.4855548602419691,0.0106014191663581
greedy_multi,30.0,6.0,0.4986997635933806,0.0113418870054603
greedy_multi,30.0,6.0,0.48274231678487,0.0104074521178791
greedy_multi,30.0,5.0,0.505821513002364,0.0131388838240307
greedy_multi,30.0,5.0,0.4986406619385343,0.0107113121685137
greedy_multi,30.0,4.0,0.5052304964539007,0.01314147563419
greedy_multi,34.0,7.0,0.4949937421777221,0.0111009772854365
greedy_multi,35.0,7.0,0.4864235055724417,0.0101919995401208
greedy_multi,34.0,6.0,0.4982008760951188,0.0113689747411893
greedy_multi,34.0,5.0,0.4816958698372967,0.0103676754500697
