AGEMOEA2-greedy_multi-1P,AGEMOEA2-greedy_multi-2P,AGEMOEA2-greedy_multi-HUX,AGEMOEA2-greedy_multi-UX,AGEMOEA2-greedy_ting-1P,AGEMOEA2-greedy_ting-2P,AGEMOEA2-greedy_ting-HUX,AGEMOEA2-greedy_ting-UX,AGEMOEA2-random_dense-1P,AGEMOEA2-random_dense-2P,AGEMOEA2-random_dense-HUX,AGEMOEA2-random_dense-UX,NSGA2-greedy_multi-1P,NSGA2-greedy_multi-2P,NSGA2-greedy_multi-HUX,NSGA2-greedy_multi-UX,NSGA2-greedy_ting-1P,NSGA2-greedy_ting-2P,NSGA2-greedy_ting-HUX,NSGA2-greedy_ting-UX,NSGA2-random_dense-1P,NSGA2-random_dense-2P,NSGA2-random_dense-HUX,NSGA2-random_dense-UX,NSGA3-greedy_multi-1P,NSGA3-greedy_multi-2P,NSGA3-greedy_multi-HUX,NSGA3-greedy_multi-UX,NSGA3-greedy_ting-1P,NSGA3-greedy_ting-2P,NSGA3-greedy_ting-HUX,NSGA3-greedy_ting-UX,NSGA3-random_dense-1P,NSGA3-random_dense-2P,NSGA3-random_dense-HUX,NSGA3-random_dense-UX,RVEA-greedy_multi-1P,RVEA-greedy_multi-2P,RVEA-greedy_multi-HUX,RVEA-greedy_multi-UX,RVEA-greedy_ting-1P,RVEA-greedy_ting-2P,RVEA-greedy_ting-HUX,RVEA-greedy_ting-UX,RVEA-random_dense-1P,RVEA-random_dense-2P,RVEA-random_dense-HUX,RVEA-random_dense-UX,SMSEMOA-greedy_multi-1P,SMSEMOA-greedy_multi-2P,SMSEMOA-greedy_multi-HUX,SMSEMOA-greedy_multi-UX,SMSEMOA-greedy_ting-1P,SMSEMOA-greedy_ting-2P,SMSEMOA-greedy_ting-HUX,SMSEMOA-greedy_ting-UX,SMSEMOA-random_dense-1P,SMSEMOA-random_dense-2P,SMSEMOA-random_dense-HUX,SMSEMOA-random_dense-UX,SPEA2-greedy_multi-1P,SPEA2-greedy_multi-2P,SPEA2-greedy_multi-HUX,SPEA2-greedy_multi-UX,SPEA2-greedy_ting-1P,SPEA2-greedy_ting-2P,SPEA2-greedy_ting-HUX,SPEA2-greedy_ting-UX,SPEA2-random_dense-1P,SPEA2-random_dense-2P,SPEA2-random_dense-HUX,SPEA2-random_dense-UX,UNSGA3-greedy_multi-1P,UNSGA3-greedy_multi-2P,UNSGA3-greedy_multi-HUX,UNSGA3-greedy_multi-UX,UNSGA3-greedy_ting-1P,UNSGA3-greedy_ting-2P,UNSGA3-greedy_ting-HUX,UNSGA3-greedy_ting-UX,UNSGA3-random_dense-1P,UNSGA3-random_dense-2P,UNSGA3-random_dense-HUX,UNSGA3-random_dense-UX
1.0,1.0,1.0,1.0,2.5829587934343103e-12,1.7163404615860089e-09,1.0,1.0,1.1379179159369134e-10,6.659100553621479e-06,1.0,1.0,2.343126870803214e-15,1.3576109061678882e-12,0.0010289083729021666,0.020879674464767437,1.1568359276812453e-18,4.754519936332985e-18,2.0920413750201605e-17,8.446002460815249e-17,8.765276951851003e-22,4.2124216004566135e-20,0.044060045833090845,0.03801502616590517,1.0,1.0,1.0,1.0,2.5744006159811274e-20,2.685732013450283e-19,6.839173753372474e-08,5.5175871210246534e-08,1.4022301283438832e-13,1.1652172688626548e-06,1.0,1.0,1.071921118634349e-06,6.953536812257653e-05,5.8097394511988695e-06,7.3784209227076255e-06,1.3888438732163926e-28,1.37868769918007e-27,2.9863002936036156e-28,2.234080584889739e-28,2.3114594548085952e-25,8.250416706535802e-24,3.873791784689068e-14,3.2249356452146663e-15,0.0035698687648002235,0.0005163466115641432,0.0033796308812209814,0.004848245312440636,1.0,1.0,1.0,1.0,7.473993959862456e-08,0.002841121154854352,1.0,1.0,1.0,1.0,1.0,1.0,9.671519285906663e-18,3.9209918299938156e-14,8.802917689309217e-07,1.2647362608062899e-08,5.644678073838662e-12,1.9051670831845667e-05,1.0,1.0,1.0,1.0,1.0,1.0,2.3695470388388606e-23,2.071990141020759e-18,5.075146645318112e-06,6.979689220842351e-08,2.446709596116122e-12,1.4490221878137447e-06,1.0,1.0
1.0,1.0,1.0,1.0,1.0322173742261192e-13,9.565468475947948e-11,1.0,1.0,5.481546522378338e-12,6.039522070548907e-07,1.0,1.0,6.835783749169708e-17,5.274105210526401e-14,0.00013482157277856967,0.0034568599082223186,2.450048650317527e-20,1.0662248037393714e-19,4.974660616353937e-19,2.128268462596368e-18,1.4100163686672494e-23,7.813533949920651e-22,0.007724842415487152,0.006581377488759546,1.0,1.0,1.0,1.0,4.685051743585702e-22,5.360008091355524e-21,4.727333408072219e-09,3.754208763504801e-09,4.901289674358552e-15,9.417620424373255e-08,1.0,1.0,8.629877878486e-08,7.441019316124565e-06,5.214767107564208e-07,6.728264739673855e-07,1.2865803549342626e-30,1.3776264315962078e-29,2.8362744797205323e-30,2.101835730687935e-30,2.7538139879917705e-27,1.1148186610479196e-25,1.2820568890078233e-15,9.539289799235563e-17,0.0005196226797734029,6.38697556959407e-05,0.0004901732497786515,0.0007208607784994932,1.0,1.0,1.0,1.0,5.1907505107974076e-09,0.0004046374291948768,1.0,1.0,1.0,0.6677727738007914,1.0,1.0,2.2296096866910567e-19,1.2984034904554488e-15,7.005212148425923e-08,7.850752852998874e-10,2.3463058158781494e-13,1.8479976634928711e-06,0.350471699984662,0.9761337001258279,1.0,1.0,1.0,1.0,3.3202081417677367e-25,4.492260949470674e-20,4.5197345380308117e-07,4.830127854000213e-09,9.749010118585011e-14,1.1868135917861588e-07,1.0,1.0
1.0,1.0,1.0,1.0,4.442498614690912e-15,5.5777020621455026e-12,0.5853680529104981,0.4660503449590298,2.801386813912106e-13,5.573217314431665e-08,1.0,1.0,2.1735298748677613e-18,2.2092041164813105e-15,1.7534168579065704e-05,0.0005707277359011367,5.782096733952275e-22,2.6563326097086797e-21,1.3131321887767176e-20,5.93681836114002e-20,2.568530855739959e-25,1.6386220452964725e-23,0.001344994144427773,0.0011328140809135495,1.0,1.0,1.0,1.0,9.665568810968153e-24,1.201418790008506e-22,3.3286021759933365e-10,2.616680465850077e-10,1.8636437991142476e-16,7.896131496319345e-09,1.0,1.0,7.198606914335587e-09,7.959227867864693e-07,4.772795386877822e-08,6.252149034740615e-08,1.4066424742585562e-32,1.6145477899533783e-31,3.1723800333097944e-32,2.330148954043301e-32,3.7991880985185223e-29,1.731035382295625e-27,4.590315605835678e-17,3.0726203422109945e-18,7.376700324216122e-05,7.872402151481209e-06,6.926377166144848e-05,0.00010480654766638361,0.8700984567798696,1.0,1.0,1.0,3.669804157188202e-10,5.661376385426614e-05,1.0,1.0,0.4995064665128599,0.1761340949914095,1.0,1.0,5.708539512629472e-21,4.651268693022702e-17,5.7819934289954975e-09,5.102174248682283e-11,1.04406469231896e-14,1.809195727591538e-07,0.0847870493408994,0.2646390360471653,1.0,1.0,1.0,1.0,5.347358466456096e-27,1.0833597448561618e-21,4.101702352288507e-08,3.403504885007445e-10,4.184257926294329e-15,1.0035423539806068e-08,1.0,1.0
1.0,1.0,1.0,1.0,3.4261376247662524e-15,4.409649422392484e-12,0.527138180005279,0.42028432766340185,2.1890093212764675e-13,4.5701280597102056e-08,1.0,1.0,1.6347758929694972e-18,1.702002020707925e-15,1.4773957147205214e-05,0.000490395072898199,4.246186239826728e-22,1.9567542217523932e-21,9.722954580356781e-21,4.413743564688747e-20,1.8473443952790352e-25,1.1909169267569118e-23,0.0011609529805247836,0.000976812149456094,1.0,1.0,1.0,1.0,7.010589910480663e-24,8.779217978029293e-23,2.670693199043926e-10,2.1004312200539961e-10,1.4189444693202258e-16,6.421219307800462e-09,1.0,1.0,5.8538357859378415e-09,6.602272979422124e-07,3.914065463656654e-08,5.12752992645147e-08,9.695478438878085e-33,1.1192260871112075e-31,2.1913882186750356e-32,1.6084397160504108e-32,2.668395226831266e-29,1.2277216991693615e-27,3.483938437543245e-17,2.3127302611482492e-18,6.272926714697506e-05,6.60702211882346e-06,5.892974006662503e-05,8.902249880964455e-05,0.783644539398414,1.0,1.0,1.0,2.946643460064854e-10,4.809264919316454e-05,1.0,1.0,0.45113410765758366,0.15688714431515735,1.0,1.0,4.218046263522906e-21,3.530350249782817e-17,4.697526907391399e-09,4.065659073339353e-11,8.069820748192139e-15,1.490748189002139e-07,0.07533110377789984,0.2368786276775503,1.0,1.0,1.0,1.0,3.803394613182947e-27,7.965111824161249e-22,3.3627347025301995e-08,2.7310373573355727e-10,3.22633912721895e-15,8.187180345303677e-09,1.0,1.0
2.5829587934343103e-12,1.0322173742261192e-13,4.442498614690912e-15,3.4261376247662524e-15,1.0,1.0,0.0003778423648429013,0.0005259985485784323,1.0,1.0,4.146259089391474e-06,1.246124215689336e-06,1.0,1.0,1.0,0.4411543492329955,1.0,1.0,1.0,1.0,1.0,1.0,0.23652961004630269,0.26919478099173405,1.7466314400641535e-08,4.029003805696072e-10,2.366680823137922e-11,4.123770366398612e-11,1.0,1.0,1.0,1.0,1.0,1.0,3.391652491750986e-09,9.174145565253464e-09,1.0,1.0,1.0,1.0,0.29706151409135095,0.5995026258570464,0.37640213861187066,0.34471032531549556,1.0,1.0,1.0,1.0,1.0,1.0,1.0,1.0,0.00020860675249831422,1.7407215526567014e-06,3.657815730167691e-15,9.532392451496842e-14,1.0,1.0,2.391676506928541e-10,3.8088957339743676e-10,0.0004759481507313779,0.0019766248133795804,4.009469467309937e-08,2.108549905874872e-08,1.0,1.0,1.0,1.0,1.0,1.0,0.004696037305778091,0.0011584409633005714,1.584534578119015e-06,2.7528869871387744e-10,3.138900883989174e-12,1.7651618856475503e-11,1.0,1.0,1.0,1.0,1.0,1.0,9.787442142239305e-09,1.2718287592608224e-08
1.7163404615860089e-09,9.565468475947948e-11,5.5777020621455026e-12,4.409649422392484e-12,1.0,1.0,0.0224065487622231,0.029787935219478187,1.0,1.0,0.00048641387543206125,0.0001738413423169673,1.0,1.0,1.0,1.0,1.0,1.0,1.0,1.0,1.0,1.0,1.0,1.0,4.269179026510033e-06,1.5329262314281444e-07,1.2361260231991547e-08,2.027559194039368e-08,1.0,1.0,1.0,1.0,1.0,1.0,1.0028606192808399e-06,2.4244886718434842e-06,1.0,1.0,1.0,1.0,0.008384863413822267,0.020336678413895824,0.011313009466555658,0.010101977403639602,0.13500663217256098,0.4580554471875541,1.0,1.0,1.0,1.0,1.0,1.0,0.013631364410320474,0.00023112292663828637,4.678445464142198e-12,8.901152897070144e-11,1.0,1.0,9.620697794743385e-08,1.4579355034752123e-07,0.02729489466284606,0.08977445613275686,8.79936410582858e-06,5.029320143075575e-06,1.0,1.0,1.0,1.0,1.0,1.0,0.18628572475721983,0.058209305685850164,0.0002132301483254198,1.0925915699698859e-07,2.044154045890496e-09,9.537505485950174e-09,0.6467231324958419,1.0,1.0,1.0,1.0,1.0,2.5681659523789795e-06,3.2393677160197258e-06
1.0,1.0,0.5853680529104981,0.527138180005279,0.0003778423648429013,0.0224065487622231,1.0,1.0,0.004160413185961973,1.0,1.0,1.0,3.5539346855707286e-06,0.00024871181273992667,1.0,1.0,1.7501283292342278e-08,4.76075341056351e-08,1.3429566770476067e-07,3.5704490105314143e-07,9.92383997359293e-11,1.6405972529270763e-09,1.0,1.0,1.0,1.0,1.0,1.0,1.1488314036739836e-09,6.2180668146623285e-09,0.20292313674652382,0.17877381148169266,5.592708596973775e-05,0.9834005303333042,1.0,1.0,0.9398293711914442,1.0,1.0,1.0,8.29869238056529e-16,4.707863532410488e-15,1.4825370962455255e-15,1.1908850967597237e-15,2.2277287765722847e-13,3.190057557488507e-12,2.380584557664033e-05,4.415781341002314e-06,1.0,1.0,1.0,1.0,1.0,1.0,0.540386131589312,1.0,0.21347611578004966,1.0,1.0,1.0,1.0,1.0,1.0,1.0,7.820923801750233e-08,2.399835829076961e-05,0.8414062647257604,0.07517977245548893,0.0006244109210345642,1.0,1.0,1.0,1.0,1.0,1.0,1.0,6.96098745555672e-12,2.6478101347274704e-08,1.0,0.20522595832907617,0.00036459850306707573,1.0,1.0,1.0
1.0,1.0,0.4660503449590298,0.42028432766340185,0.0005259985485784323,0.029787935219478187,1.0,1.0,0.005650698622992238,1.0,1.0,1.0,5.226189620386457e-06,0.00034970681663151103,1.0,1.0,2.72086453819805e-08,7.311137858721768e-08,2.0459526018524563e-07,5.390502095102953e-07,1.6145305661337353e-10,2.611747737014126e-09,1.0,1.0,1.0,1.0,1.0,1.0,1.8325455157139473e-09,9.709242527296332e-09,0.2586159827791857,0.22896787519154607,7.942946500013923e-05,1.0,1.0,1.0,1.0,1.0,1.0,1.0,1.4739872387867672e-15,8.274606476518209e-15,2.6198699962095724e-15,2.1064528747406076e-15,3.8008418494945e-13,5.339460761775842e-12,3.431541027745853e-05,6.481299325035057e-06,1.0,1.0,1.0,1.0,1.0,1.0,0.43107462458406764,1.0,0.2715129999893307,1.0,1.0,1.0,1.0,1.0,1.0,1.0,1.1972050457267574e-07,3.458967002614989e-05,1.0,0.0970731404572316,0.0008653974987879634,1.0,1.0,1.0,1.0,1.0,1.0,1.0,1.1591347678495751e-11,4.1008439182403804e-08,1.0,0.26149724262825264,0.000508472893680604,1.0,1.0,1.0
1.1379179159369134e-10,5.481546522378338e-12,2.801386813912106e-13,2.1890093212764675e-13,1.0,1.0,0.004160413185961973,0.005650698622992238,1.0,1.0,6.786628499106286e-05,2.2723431096585075e-05,1.0,1.0,1.0,1.0,1.0,1.0,1.0,1.0,1.0,1.0,1.0,1.0,4.3445738351077264e-07,1.2927491921297352e-08,9.062914599143109e-10,1.5296939144902254e-09,1.0,1.0,1.0,1.0,1.0,1.0,9.351442812173809e-08,2.3759868366329956e-07,1.0,1.0,1.0,1.0,0.04313032652225515,0.09636352349909398,0.05676855715640475,0.051167387370735694,0.5311026773114049,1.0,1.0,1.0,1.0,1.0,1.0,1.0,0.0024474362969773697,3.084544380588223e-05,2.329489819531853e-13,5.083402023892663e-12,1.0,1.0,7.950450779457904e-09,1.2270309715949577e-08,0.005152017837773803,0.01880414578943077,9.393032461624593e-07,5.171085053541162e-07,1.0,1.0,1.0,1.0,1.0,1.0,0.04188664199194249,0.011637672230230973,2.833772754130098e-05,9.06804090359382e-09,1.3675578225808824e-10,6.881125308175228e-10,1.0,1.0,1.0,1.0,1.0,1.0,2.527271068319796e-07,3.237673553270326e-07
6.659100553621479e-06,6.039522070548907e-07,5.573217314431665e-08,4.5701280597102056e-08,1.0,1.0,1.0,1.0,1.0,1.0,0.14937391926477678,0.0677631993224346,1.0,1.0,1.0,1.0,0.31851214838082803,0.5387647389820439,0.9372112764864566,1.0,0.016963078244714998,0.08571337596503661,1.0,1.0,0.0036761098169497707,0.00026185720505422013,3.397617049798038e-05,5.074098648600807e-05,0.07037451718968862,0.1813640758593994,1.0,1.0,1.0,1.0,0.0011731773126966848,0.002365619116704722,1.0,1.0,1.0,1.0,1.2101180429562118e-05,3.736163969964429e-05,1.765067186724225e-05,1.5314429355367723e-05,0.0004271745275946161,0.0021823729084389358,1.0,1.0,1.0,1.0,1.0,1.0,1.0,0.08423607046844647,4.798760196508561e-08,5.681928725317583e-07,1.0,1.0,0.00017991750682295048,0.0002516190703473683,1.0,1.0,0.006552941979749999,0.0041897360222368455,0.7009372225511198,1.0,1.0,1.0,1.0,1.0,1.0,1.0,0.07934889485269682,0.00019917339580509768,7.683732858066302e-06,2.7450178986518928e-05,0.0034726552565377375,0.39639299624991015,1.0,1.0,1.0,1.0,0.002475657431448517,0.0029633918165331815
1.0,1.0,1.0,1.0,4.146259089391474e-06,0.00048641387543206125,1.0,1.0,6.786628499106286e-05,0.14937391926477678,1.0,1.0,1.984035281707374e-08,2.5610435286238915e-06,1.0,1.0,5.093862431152515e-11,1.5597220179146676e-10,4.985259131855658e-10,1.494565193374707e-09,1.6242527002355907e-13,3.63857623821088e-12,1.0,1.0,1.0,1.0,1.0,1.0,2.454343801237301e-12,1.596898616814818e-11,0.006560421290724602,0.00563767854178204,4.58326004862031e-07,0.04661220946666483,1.0,1.0,0.04405715925007886,0.6724837117400299,0.13622488280810016,0.16003960740469028,4.431692592093062e-19,2.9551859856736964e-18,8.346560175901328e-19,6.564936893061479e-19,2.0044220005220892e-16,3.6942672517701586e-15,1.7107150938426084e-07,2.5400460386293244e-08,1.0,1.0,1.0,1.0,1.0,1.0,1.0,1.0,0.006978369980781828,1.0,1.0,1.0,1.0,1.0,1.0,1.0,2.723266564187266e-10,1.725877491941254e-07,0.03848664091095592,0.002012974716108581,7.413470159340911e-06,0.29558422326207334,1.0,1.0,1.0,1.0,1.0,1.0,8.700550832074493e-15,8.100618468966214e-11,0.12432115060508475,0.006651257752415272,3.978008951464379e-06,0.05401836659476067,1.0,1.0
1.0,1.0,1.0,1.0,1.246124215689336e-06,0.0001738413423169673,1.0,1.0,2.2723431096585075e-05,0.0677631993224346,1.0,1.0,5.123779987637622e-09,7.560754322710682e-07,1.0,1.0,1.1135518529906348e-11,3.51169544579662e-11,1.1614146127295852e-10,3.561824088952003e-10,3.097494264209812e-14,7.438794036965919e-13,1.0,1.0,1.0,1.0,1.0,1.0,4.969242155209996e-13,3.386650898193031e-12,0.002601492674650107,0.0022216683795452667,1.285555733635291e-07,0.019791630250182966,1.0,1.0,0.018669640394013035,0.3363861675162217,0.06179504110784435,0.0726803528771177,6.416616174146381e-20,4.456304414139599e-19,1.2262783368838163e-19,9.596650721633683e-20,3.295906137308986e-17,6.504191310812427e-16,4.6947454720332716e-08,6.595724649429316e-09,1.0,1.0,1.0,1.0,1.0,1.0,1.0,1.0,0.002770348973555662,1.0,1.0,1.0,1.0,1.0,1.0,1.0,6.226123489879774e-11,4.739504436985727e-08,0.016262918941004373,0.0007597849011307808,2.2874357744049015e-06,0.13937034572385135,1.0,1.0,1.0,1.0,1.0,1.0,1.560929018101928e-15,1.7895477409596873e-11,0.05627492775425256,0.0026403816736038145,1.194016061907637e-06,0.023100251391494308,1.0,1.0
2.343126870803214e-15,6.835783749169708e-17,2.1735298748677613e-18,1.6347758929694972e-18,1.0,1.0,3.5539346855707286e-06,5.226189620386457e-06,1.0,1.0,1.984035281707374e-08,5.123779987637622e-09,1.0,1.0,0.22046392013813312,0.015366510392415832,1.0,1.0,1.0,1.0,1.0,1.0,0.007046504483838227,0.0082832982946813,4.179935836172543e-11,6.232306230648349e-13,2.6898638168183583e-14,4.962489314354717e-14,1.0,1.0,1.0,1.0,1.0,1.0,6.63302971682698e-12,2.0299742134931563e-11,1.0,1.0,1.0,1.0,1.0,1.0,1.0,1.0,1.0,1.0,1.0,1.0,0.07981225513009704,0.36489563382118523,0.0836275779939053,0.061623269063261474,1.7866604853777328e-06,7.453692341829526e-09,1.756527759922943e-18,6.260035946377695e-17,1.0,0.09677800323808029,3.478081841465565e-13,5.851374761289997e-13,4.64890577140877e-06,2.4560503095018135e-05,1.060816823057466e-10,5.157813592382179e-11,1.0,1.0,1.0,1.0,1.0,1.0,6.786628499106286e-05,1.3191885339094586e-05,6.709773855616336e-09,4.074414537679058e-13,2.9020383714609728e-15,1.945898997147119e-14,1.0,1.0,1.0,1.0,1.0,1.0,2.1854201974441534e-11,2.932978722420795e-11
1.3576109061678882e-12,5.274105210526401e-14,2.2092041164813105e-15,1.702002020707925e-15,1.0,1.0,0.00024871181273992667,0.00034970681663151103,1.0,1.0,2.5610435286238915e-06,7.560754322710682e-07,1.0,1.0,1.0,0.3319986918989667,1.0,1.0,1.0,1.0,1.0,1.0,0.17476697282174072,0.19990711493096558,1.0091994428179658e-08,2.243244869289509e-10,1.2733357596111101e-11,2.2318260064415667e-11,1.0,1.0,1.0,1.0,1.0,1.0,1.9152857444937153e-09,5.287354584314332e-09,1.0,1.0,1.0,1.0,0.39639299624991015,0.7933428567069701,0.49899993014168975,0.4580554471875541,1.0,1.0,1.0,1.0,1.0,1.0,1.0,1.0,0.00013630496636349526,1.0613833562731043e-06,1.8181583464803762e-15,4.865360039503036e-14,1.0,1.0,1.3201454737532802e-10,2.1186821479702086e-10,0.00031494764412065616,0.0013328520033787396,2.338615041982438e-08,1.221358154848822e-08,1.0,1.0,1.0,1.0,1.0,1.0,0.003224340499455923,0.0007779203166701998,9.65402194063931e-07,1.523924879905141e-10,1.6529123836581237e-12,9.456488316328866e-12,1.0,1.0,1.0,1.0,1.0,1.0,5.6491072125207816e-09,7.362669900803502e-09
0.0010289083729021666,0.00013482157277856967,1.7534168579065704e-05,1.4773957147205214e-05,1.0,1.0,1.0,1.0,1.0,1.0,1.0,1.0,0.22046392013813312,1.0,1.0,1.0,0.006672485929257925,0.013142845687752164,0.026282329804709906,0.05044500713337358,0.0001886363377614824,0.0013294077979048395,1.0,1.0,0.19905553532678696,0.022296800136282366,0.004009104236963008,0.005641858512784302,0.0010398259980148228,0.003290073286146973,1.0,1.0,1.0,1.0,0.0776757376647818,0.13776498894787156,1.0,1.0,1.0,1.0,3.6296145405828486e-08,1.3371364853580255e-07,5.6163959309057086e-08,4.759770372179407e-08,2.347046902992746e-06,1.6311174197950376e-05,0.704741211190529,0.25238968629695985,1.0,1.0,1.0,1.0,1.0,1.0,1.5432185037614094e-05,0.0001279195619846862,1.0,1.0,0.01633154283245936,0.021553449303082287,1.0,1.0,0.3137631063024615,0.22071613028084955,0.018310108457683383,0.7081136407426625,1.0,1.0,1.0,1.0,1.0,1.0,1.0,0.01775859994024814,0.0011609529805247836,0.0033517327030365817,2.8679107462453915e-05,0.00882315370751706,1.0,1.0,1.0,1.0,0.14302514545303036,0.1663707804836174
0.020879674464767437,0.0034568599082223186,0.0005707277359011367,0.000490395072898199,0.4411543492329955,1.0,1.0,1.0,1.0,1.0,1.0,1.0,0.015366510392415832,0.3319986918989667,1.0,1.0,0.00028288347469065115,0.0006069928896586831,0.0013339722154475451,0.0027760738689954615,5.029908878823914e-06,4.56063007751144e-05,1.0,1.0,1.0,0.3018562442695738,0.06951414959577272,0.09260332717193621,3.458967002614989e-05,0.00012694925265512315,1.0,1.0,0.11511456728515129,1.0,0.8555042521995593,1.0,1.0,1.0,1.0,1.0,3.9018240277811466e-10,1.6410281706900349e-09,6.30230659805231e-10,5.255250002715258e-10,3.8111846068334e-08,3.251414856941914e-07,0.0622210466950027,0.018022886521925678,1.0,1.0,1.0,1.0,1.0,1.0,0.0005093917766486539,0.0033105090876172044,1.0,1.0,0.23196476285832196,0.2938677234390979,1.0,1.0,1.0,1.0,0.0008863408897982614,0.0625786476822219,1.0,1.0,0.6234933154773301,1.0,1.0,1.0,1.0,0.2492867935057843,0.023249720436211013,0.059596153794494414,6.074643926566902e-07,0.000388534118316458,1.0,1.0,0.43100583792474984,1.0,1.0,1.0
1.1568359276812453e-18,2.450048650317527e-20,5.782096733952275e-22,4.246186239826728e-22,1.0,1.0,1.7501283292342278e-08,2.72086453819805e-08,1.0,0.31851214838082803,5.093862431152515e-11,1.1135518529906348e-11,1.0,1.0,0.006672485929257925,0.00028288347469065115,1.0,1.0,1.0,1.0,1.0,1.0,0.00011322856352140456,0.00013695541862959404,5.3575657197291806e-14,5.267781966809182e-16,1.672156109498539e-17,3.2785804624136383e-17,1.0,1.0,1.0,1.0,1.0,0.8802280474188676,7.047420881596928e-15,2.4188593486833687e-14,0.9230165987256659,0.06393244402138155,0.34669823906087643,0.2988954767873458,1.0,1.0,1.0,1.0,1.0,1.0,1.0,1.0,0.0019850588686211616,0.012492735624404241,0.0020955355584913664,0.001445213806878505,8.077674660713335e-09,1.6984739618729875e-11,4.587279333192877e-22,2.226559996929971e-20,1.0,0.0025095330995473122,2.7739600657080203e-16,4.915504931132763e-16,2.37939211502363e-08,1.5747782766148907e-07,1.5008195671422285e-13,6.769674761060269e-14,1.0,1.0,1.0,1.0,1.0,0.16196489030800623,5.116487150792375e-07,7.756812332869509e-08,1.5093910292774783e-11,3.2999660253474337e-16,1.4628030298516202e-18,1.1731909778444097e-17,1.0,1.0,0.37610272270164374,1.0,1.0,0.77895969840473,2.622152599530303e-14,3.6318501016161805e-14
4.754519936332985e-18,1.0662248037393714e-19,2.6563326097086797e-21,1.9567542217523932e-21,1.0,1.0,4.76075341056351e-08,7.311137858721768e-08,1.0,0.5387647389820439,1.5597220179146676e-10,3.51169544579662e-11,1.0,1.0,0.013142845687752164,0.0006069928896586831,1.0,1.0,1.0,1.0,1.0,1.0,0.00025045131437340226,0.0003005041281845814,1.855444127950681e-13,1.961660295546511e-15,6.598827149212373e-17,1.2785295341463095e-16,1.0,1.0,1.0,1.0,1.0,1.0,2.52724601915248e-14,8.473749410595015e-14,1.0,0.11591528248200927,0.5847890522079032,0.5065837030356777,1.0,1.0,1.0,1.0,1.0,1.0,1.0,1.0,0.003997677244878215,0.024008079250740496,0.004218936054813393,0.002956233283457775,2.2265620440656586e-08,5.300530681580544e-11,2.1135462223470515e-21,9.700040286110535e-20,1.0,0.0050426515892997275,1.0485340064720026e-15,1.8342473855410938e-15,6.419041190820056e-08,4.1021204719653206e-07,5.095519296596344e-13,2.3337137548923516e-13,1.0,1.0,1.0,1.0,1.0,0.28367221137708365,1.2929614083389251e-06,2.0409952169807364e-07,4.7223576265845796e-11,1.242745241899065e-15,5.989239495403162e-18,4.653514543098766e-17,1.0,1.0,0.6337912254347073,1.0,1.0,1.0,9.17039927513829e-14,1.2628090750802858e-13
2.0920413750201605e-17,4.974660616353937e-19,1.3131321887767176e-20,9.722954580356781e-21,1.0,1.0,1.3429566770476067e-07,2.0459526018524563e-07,1.0,0.9372112764864566,4.985259131855658e-10,1.1614146127295852e-10,1.0,1.0,0.026282329804709906,0.0013339722154475451,1.0,1.0,1.0,1.0,1.0,1.0,0.0005658697264673611,0.0006753451399259589,6.78398779213425e-13,7.75913018799882e-15,2.7774071047351827e-16,5.327472739364493e-16,1.0,1.0,1.0,1.0,1.0,1.0,9.563763744754303e-14,3.1427964221425296e-13,1.0,0.21504937835372898,1.0,0.8807702738415479,1.0,1.0,1.0,1.0,1.0,1.0,1.0,1.0,0.008342394986175143,0.04754886492188696,0.008796389155821321,0.00619890681675619,6.406665368199698e-08,1.7410807358922469e-10,1.048685194044498e-20,4.533716389695957e-19,1.0,0.01043414478593322,4.179304533267698e-15,7.256733474701338e-15,1.7997195383380092e-07,1.1026309935060451e-06,1.8322997159685145e-12,8.488366595200937e-13,1.0,1.0,1.0,1.0,1.0,0.4984936357251996,3.3935690432474997e-06,5.600515733099645e-07,1.5542269303094009e-10,4.9403764759792066e-15,2.625573147798169e-17,1.96935020628434e-16,1.0,1.0,1.0,1.0,1.0,1.0,3.3973641290916953e-13,4.649639350607683e-13
8.446002460815249e-17,2.128268462596368e-18,5.93681836114002e-20,4.413743564688747e-20,1.0,1.0,3.5704490105314143e-07,5.390502095102953e-07,1.0,1.0,1.494565193374707e-09,3.561824088952003e-10,1.0,1.0,0.05044500713337358,0.0027760738689954615,1.0,1.0,1.0,1.0,1.0,1.0,0.0012043863238134832,0.0014333561738445974,2.3048121583821804e-12,2.845535561934035e-14,1.0771595936005535e-15,2.03477743515069e-15,1.0,1.0,1.0,1.0,1.0,1.0,3.357699685137392e-13,1.0791916349090654e-12,1.0,0.3745821015095444,1.0,1.0,1.0,1.0,1.0,1.0,1.0,1.0,1.0,1.0,0.016487050441634767,0.08775294451716664,0.017356512410398914,0.012380097846364043,1.7216754234943075e-07,5.290076163672143e-10,4.755274747759098e-20,1.9423418039670142e-18,1.0,0.020445263789866497,1.547672385782409e-14,2.6651440718026678e-14,4.755460190183117e-07,2.795479871809997e-06,6.1025949381731596e-12,2.874195342099941e-12,1.0,1.0,1.0,1.0,1.0,0.8469654289993729,8.297332685642342e-06,1.439515362316673e-06,4.737895127608117e-10,1.8273280359404628e-14,1.0555726768802762e-16,7.689752912152114e-16,1.0,1.0,1.0,1.0,1.0,1.0,1.1653772408739163e-12,1.5881893977607209e-12
8.765276951851003e-22,1.4100163686672494e-23,2.568530855739959e-25,1.8473443952790352e-25,1.0,1.0,9.92383997359293e-11,1.6145305661337353e-10,1.0,0.016963078244714998,1.6242527002355907e-13,3.097494264209812e-14,1.0,1.0,0.0001886363377614824,5.029908878823914e-06,1.0,1.0,1.0,1.0,1.0,1.0,1.7845065459162575e-06,2.2127888564951234e-06,9.467396215499374e-17,6.348769107855253e-19,1.5481107564930046e-20,3.1908832935940747e-20,1.0,1.0,0.32975674539882116,0.3710385435590254,1.0,0.05877425227355912,1.0532832894842833e-17,3.993466081864378e-17,0.06209403294470935,0.002536276959826628,0.018777136221521544,0.015732809767442426,1.0,1.0,1.0,1.0,1.0,1.0,1.0,1.0,4.6717730973936234e-05,0.0003871124333252957,4.979714256181644e-05,3.257578769367262e-05,4.20751774163487e-11,4.895802616138233e-14,2.0080387598067422e-25,1.2728606160381376e-23,0.3137631063024615,6.1003961030396666e-05,3.1846827555667886e-19,5.894334843876872e-19,1.392998139271422e-10,1.1300412061247442e-09,2.891150016993109e-16,1.219488416446109e-16,1.0,1.0,0.07049107987673839,0.7960968790178792,1.0,0.0075207157109436545,4.191781233950928e-09,5.138700820175143e-10,4.307696474865396e-14,3.842081939049223e-19,1.1269979825186026e-21,1.0565724264960918e-20,1.0,1.0,0.020744679563506698,0.32599570397167377,1.0,0.05083341200850616,4.3606171342490885e-17,6.202787410311811e-17
4.2124216004566135e-20,7.813533949920651e-22,1.6386220452964725e-23,1.1909169267569118e-23,1.0,1.0,1.6405972529270763e-09,2.611747737014126e-09,1.0,0.08571337596503661,3.63857623821088e-12,7.438794036965919e-13,1.0,1.0,0.0013294077979048395,4.56063007751144e-05,1.0,1.0,1.0,1.0,1.0,1.0,1.7284427629869557e-05,2.111830446019562e-05,2.9007724842820056e-15,2.3822403990910876e-17,6.670920687679047e-19,1.3396327415123011e-18,1.0,1.0,1.0,1.0,1.0,0.2642541094539861,3.537623231850806e-16,1.2707591123816292e-15,0.2776377190857589,0.014850749195907101,0.09396528930438877,0.08005940475199269,1.0,1.0,1.0,1.0,1.0,1.0,1.0,1.0,0.00036326303295811086,0.0025905847432997676,0.0003855221813685042,0.0002588411354956234,7.243002999347281e-10,1.1544331219323592e-12,1.2901545265796328e-23,7.076421574506639e-22,1.0,0.00046718028053689654,1.2252464106742304e-17,2.2173388575661187e-17,2.265103237160392e-09,1.6512764813904775e-08,8.431294776164937e-15,3.6926672326483526e-15,1.0,1.0,0.312159515669629,1.0,1.0,0.041055766623172237,5.676276879549329e-08,7.87053622801349e-09,1.0204779129997394e-12,1.467708372563345e-17,5.365976463829202e-20,4.624018557585083e-19,1.0,1.0,0.10300090721509898,1.0,1.0,0.23196476285832196,1.3818635143728484e-15,1.93562108734942e-15
0.044060045833090845,0.007724842415487152,0.001344994144427773,0.0011609529805247836,0.23652961004630269,1.0,1.0,1.0,1.0,1.0,1.0,1.0,0.007046504483838227,0.17476697282174072,1.0,1.0,0.00011322856352140456,0.00025045131437340226,0.0005658697264673611,0.0012043863238134832,1.7845065459162575e-06,1.7284427629869557e-05,1.0,1.0,1.0,0.5549469385033765,0.1381747157758811,0.18350222567819294,1.2996946719545488e-05,4.989755187165832e-05,1.0,1.0,0.05775625050227796,1.0,1.0,1.0,1.0,1.0,1.0,1.0,1.0940700956890254e-10,4.729236165801844e-10,1.7871040779594964e-10,1.4845712759437642e-10,1.1863335575000275e-08,1.0671573410152202e-07,0.03004696139514075,0.008339820494846323,1.0,1.0,1.0,1.0,1.0,1.0,0.0012043863238134832,0.007391445170808083,1.0,1.0,0.4326597806443459,0.540020296858134,1.0,1.0,1.0,1.0,0.0003713331982500982,0.03022708510355191,1.0,1.0,0.3401968041157839,1.0,1.0,1.0,1.0,0.4629888513954601,0.048867041893404996,0.11875259336228687,2.0280563554841608e-07,0.00015757472264297593,1.0,1.0,0.230804827634033,1.0,1.0,1.0
0.03801502616590517,0.006581377488759546,0.0011328140809135495,0.000976812149456094,0.26919478099173405,1.0,1.0,1.0,1.0,1.0,1.0,1.0,0.0082832982946813,0.19990711493096558,1.0,1.0,0.00013695541862959404,0.0003005041281845814,0.0006753451399259589,0.0014333561738445974,2.2127888564951234e-06,2.111830446019562e-05,1.0,1.0,1.0,0.4913782378273301,0.12021697258966271,0.16039804003417202,1.5893055179584272e-05,6.035006755104585e-05,1.0,1.0,0.06646687967435978,1.0,1.0,1.0,1.0,1.0,1.0,1.0,1.421166976247614e-10,6.089551129785085e-10,2.316293727848938e-10,1.925117056125643e-10,1.5055046012346845e-08,1.3404236663759204e-07,0.0349972623143374,0.00976709506433952,1.0,1.0,1.0,1.0,1.0,1.0,0.0010136194408315005,0.006295302105192858,1.0,1.0,0.3825966407076305,0.4780340564938326,1.0,1.0,1.0,1.0,0.0004448180932682661,0.03520534729642504,1.0,1.0,0.3851667941824849,1.0,1.0,1.0,1.0,0.40994486999364044,0.042196707438807685,0.10301753098828892,2.5418870373328726e-07,0.00018970808020887076,1.0,1.0,0.26259173705795025,1.0,1.0,1.0
1.0,1.0,1.0,1.0,1.7466314400641535e-08,4.269179026510033e-06,1.0,1.0,4.3445738351077264e-07,0.0036761098169497707,1.0,1.0,4.179935836172543e-11,1.0091994428179658e-08,0.19905553532678696,1.0,5.3575657197291806e-14,1.855444127950681e-13,6.78398779213425e-13,2.3048121583821804e-12,9.467396215499374e-17,2.9007724842820056e-15,1.0,1.0,1.0,1.0,1.0,1.0,1.881697600685309e-15,1.483554694771095e-14,9.031441269260458e-05,7.560845774966445e-05,1.4404064961138899e-09,0.0009105707456355621,1.0,1.0,0.0008524673300818248,0.024008079250740496,0.0033009723119885037,0.0039946266733093,7.856936707877891e-23,6.173488793712822e-22,1.5643272301939297e-22,1.2043169629490763e-22,6.109366859082926e-20,1.4866677391909411e-18,4.736565431291898e-10,5.511985032662847e-11,0.5064005792152283,0.11591528248200927,0.48623788302377413,0.6354278550871949,1.0,1.0,1.0,1.0,9.714347283782114e-05,0.42716982783244883,1.0,1.0,1.0,1.0,1.0,1.0,3.4521669548927883e-13,4.784495033859012e-10,0.0007266600551183253,2.264229012623426e-05,3.411666924447371e-08,0.008513362291583778,1.0,1.0,1.0,1.0,1.0,1.0,3.805029167501369e-18,8.953494312032206e-14,0.002964464684826253,9.180405218006275e-05,1.6663980509348406e-08,0.001084140942912743,1.0,1.0
1.0,1.0,1.0,1.0,4.029003805696072e-10,1.5329262314281444e-07,1.0,1.0,1.2927491921297352e-08,0.00026185720505422013,1.0,1.0,6.232306230648349e-13,2.243244869289509e-10,0.022296800136282366,0.3018562442695738,5.267781966809182e-16,1.961660295546511e-15,7.75913018799882e-15,2.845535561934035e-14,6.348769107855253e-19,2.3822403990910876e-17,0.5549469385033765,0.4913782378273301,1.0,1.0,1.0,1.0,1.5018813123769488e-17,1.343552443515232e-16,4.368890790409182e-06,3.5904294189820417e-06,2.762748080407243e-11,5.5568204914345055e-05,1.0,1.0,5.1594872186176784e-05,0.002090244494337442,0.0002316652077661462,0.00028682981471481715,2.511420290159515e-25,2.195163716326714e-24,5.171659781703073e-25,3.930839028575514e-25,2.7446258322968976e-22,7.918536331218839e-21,8.39734543603383e-12,8.378842735909427e-13,0.06678648773713546,0.01216607649228452,0.063802230025414,0.08642959267231812,1.0,1.0,1.0,1.0,4.730062247932381e-06,0.05476848982104523,1.0,1.0,1.0,1.0,1.0,1.0,3.78612011717084e-15,8.491725717270291e-12,4.3395906287860554e-05,9.450652143457328e-07,8.267791578912272e-10,0.0006618765123996617,1.0,1.0,1.0,1.0,1.0,1.0,2.137166008976925e-20,9.07688785938246e-16,0.00020541709673400153,4.446360184612755e-06,3.831856205802908e-10,6.717779399954318e-05,1.0,1.0
1.0,1.0,1.0,1.0,2.366680823137922e-11,1.2361260231991547e-08,1.0,1.0,9.062914599143109e-10,3.397617049798038e-05,1.0,1.0,2.6898638168183583e-14,1.2733357596111101e-11,0.004009104236963008,0.06951414959577272,1.672156109498539e-17,6.598827149212373e-17,2.7774071047351827e-16,1.0771595936005535e-15,1.5481107564930046e-20,6.670920687679047e-19,0.1381747157758811,0.12021697258966271,1.0,1.0,1.0,1.0,4.139658316560406e-19,4.0373284366262344e-18,4.2700991721324137e-07,3.462524070876138e-07,1.4135781854816913e-12,6.423215641500587e-06,1.0,1.0,5.9326579299772254e-06,0.0003153864308689775,2.984294298684085e-05,3.743789266097276e-05,3.6235945082242835e-27,3.404595139957031e-26,7.646803792920085e-27,5.757952480966971e-27,5.046184489386356e-24,1.6392597399841188e-22,4.067115087482932e-13,3.6680765929516366e-14,0.013177993599089137,0.002096334791053685,0.01249632744710087,0.017525489933428395,1.0,1.0,1.0,1.0,4.647655788528975e-07,0.010549916220963488,1.0,1.0,1.0,1.0,1.0,1.0,1.3127016466993133e-16,4.113655559233635e-13,4.920087521037461e-06,8.413463338090447e-08,5.03889972059841e-11,9.10127350779213e-05,1.0,1.0,1.0,1.0,1.0,1.0,4.580473844547876e-22,2.949431874829965e-17,2.623115699981713e-05,4.3525007948439485e-07,2.2444996091922408e-11,7.889432296336948e-06,1.0,1.0
1.0,1.0,1.0,1.0,4.123770366398612e-11,2.027559194039368e-08,1.0,1.0,1.5296939144902254e-09,5.074098648600807e-05,1.0,1.0,4.962489314354717e-14,2.2318260064415667e-11,0.005641858512784302,0.09260332717193621,3.2785804624136383e-17,1.2785295341463095e-16,5.327472739364493e-16,2.03477743515069e-15,3.1908832935940747e-20,1.3396327415123011e-18,0.18350222567819294,0.16039804003417202,1.0,1.0,1.0,1.0,8.321463518162994e-19,8.002069925242552e-18,6.727208648014298e-07,5.477956573137638e-07,2.5309054960113383e-12,9.82406839327249e-06,1.0,1.0,9.074782091222219e-06,0.00045939752628154195,4.4735751775900386e-05,5.584225062814874e-05,8.248389446873747e-27,7.659227878305273e-26,1.73520359380519e-26,1.3088631348320063e-26,1.0975946480418601e-23,3.4849294359297263e-22,7.345072784956412e-13,6.752249697249388e-14,0.018133963161199463,0.0029598108962959006,0.017236401182993216,0.024020086355811536,1.0,1.0,1.0,1.0,7.315117734162932e-07,0.0146268173659787,1.0,1.0,1.0,1.0,1.0,1.0,2.533252506377831e-16,7.430831074243497e-13,7.530384711601847e-06,1.3508455980594916e-07,8.725947299431699e-11,0.0001350816322985537,1.0,1.0,1.0,1.0,1.0,1.0,9.659323419106638e-22,5.745912843248778e-17,3.935104080970784e-05,6.852849478574853e-07,3.914085454253885e-11,1.2101180429562118e-05,1.0,1.0
2.5744006159811274e-20,4.685051743585702e-22,9.665568810968153e-24,7.010589910480663e-24,1.0,1.0,1.1488314036739836e-09,1.8325455157139473e-09,1.0,0.07037451718968862,2.454343801237301e-12,4.969242155209996e-13,1.0,1.0,0.0010398259980148228,3.458967002614989e-05,1.0,1.0,1.0,1.0,1.0,1.0,1.2996946719545488e-05,1.5893055179584272e-05,1.881697600685309e-15,1.5018813123769488e-17,4.139658316560406e-19,8.321463518162994e-19,1.0,1.0,1.0,1.0,1.0,0.22013624387092182,2.263245128281318e-16,8.206217820543466e-16,0.23130493275390757,0.011903183299421277,0.07736476800605016,0.06563970962321229,1.0,1.0,1.0,1.0,1.0,1.0,1.0,1.0,0.00028015091010250335,0.0020415408354611596,0.0002978818950459406,0.00019936447766928571,5.050206222820741e-10,7.729118225472054e-13,7.601981034707136e-24,4.246186239826728e-22,1.0,0.000362595269720896,7.705556067792779e-18,1.3978389646324963e-17,1.590099737357119e-09,1.1775963542760432e-08,5.4944380152481525e-15,2.3962723743323777e-15,1.0,1.0,0.2603183527386259,1.0,1.0,0.033146831543128745,4.088074600412387e-08,5.589874979407505e-09,6.829588682990733e-13,9.238874892866609e-18,3.284202389312223e-20,2.861632602083186e-19,1.0,1.0,0.0846185364685308,1.0,1.0,0.19257133432318002,8.927772061647606e-16,1.252839580893297e-15
2.685732013450283e-19,5.360008091355524e-21,1.201418790008506e-22,8.779217978029293e-23,1.0,1.0,6.2180668146623285e-09,9.709242527296332e-09,1.0,0.1813640758593994,1.596898616814818e-11,3.386650898193031e-12,1.0,1.0,0.003290073286146973,0.00012694925265512315,1.0,1.0,1.0,1.0,1.0,1.0,4.989755187165832e-05,6.035006755104585e-05,1.483554694771095e-14,1.343552443515232e-16,4.0373284366262344e-18,8.002069925242552e-18,1.0,1.0,1.0,1.0,1.0,0.5184479485934856,1.8882639496813425e-15,6.587751548475911e-15,0.5423300722114434,0.03387676231133662,0.19855021645156365,0.16955987296487526,1.0,1.0,1.0,1.0,1.0,1.0,1.0,1.0,0.0009408094796692542,0.006264910565844565,0.0009972275570629982,0.0006813963146514511,2.8087504172731607e-09,5.204552538326987e-12,9.503358826296101e-23,4.862814730988675e-21,1.0,0.0012002061661279572,7.008751562632229e-17,1.2530847403920034e-16,8.481610749041918e-09,5.8606946792867876e-08,4.228010881594174e-14,1.88152053321518e-14,1.0,1.0,0.6076630914297988,1.0,1.0,0.08846971137853646,1.942879153888193e-07,2.8405079714097764e-08,4.616469641205309e-12,8.369037207597515e-17,3.4071184787975785e-19,2.8144030471857515e-18,1.0,1.0,0.21613724635441012,1.0,1.0,0.45869952115026724,7.151321873457451e-15,9.953901669819644e-15
6.839173753372474e-08,4.727333408072219e-09,3.3286021759933365e-10,2.670693199043926e-10,1.0,1.0,0.20292313674652382,0.2586159827791857,1.0,1.0,0.006560421290724602,0.002601492674650107,1.0,1.0,1.0,1.0,1.0,1.0,1.0,1.0,0.32975674539882116,1.0,1.0,1.0,9.031441269260458e-05,4.368890790409182e-06,4.2700991721324137e-07,6.727208648014298e-07,1.0,1.0,1.0,1.0,1.0,1.0,2.441220332022619e-05,5.430642649559097e-05,1.0,1.0,1.0,1.0,0.0006374192585759304,0.0017060121418546073,0.0008863408897982614,0.0007824254300508403,0.014166747053640679,0.05845868493774566,1.0,1.0,1.0,1.0,1.0,1.0,0.13041215413257187,0.0033491345026879214,2.8214488359683514e-10,4.420873501127036e-09,1.0,1.0,2.8509730400038065e-06,4.175027516974119e-06,0.23978052476623954,0.6656371617897965,0.00017581355139401268,0.00010501082869371793,1.0,1.0,1.0,1.0,1.0,1.0,1.0,0.456662519479552,0.003125027080218211,3.203376469654743e-06,8.031636962136568e-08,3.3497620257587746e-07,0.08678975276085002,1.0,1.0,1.0,1.0,1.0,5.7169654638086646e-05,7.028105969210248e-05
5.5175871210246534e-08,3.754208763504801e-09,2.616680465850077e-10,2.1004312200539961e-10,1.0,1.0,0.17877381148169266,0.22896787519154607,1.0,1.0,0.00563767854178204,0.0022216683795452667,1.0,1.0,1.0,1.0,1.0,1.0,1.0,1.0,0.3710385435590254,1.0,1.0,1.0,7.560845774966445e-05,3.5904294189820417e-06,3.462524070876138e-07,5.477956573137638e-07,1.0,1.0,1.0,1.0,1.0,1.0,2.02576922014403e-05,4.540302879018515e-05,1.0,1.0,1.0,1.0,0.0007520432886265378,0.0020002163320647463,0.0010425526818386307,0.0009215034069297378,0.016381079552920823,0.06672453292245058,1.0,1.0,1.0,1.0,1.0,1.0,0.11435980613631332,0.002874882654977069,2.221086032143782e-10,3.5072563134822336e-09,1.0,1.0,2.3367990567642416e-06,3.4302678070417433e-06,0.21264450027531712,0.5937322883458055,0.000147433506347117,8.787466577931068e-05,1.0,1.0,1.0,1.0,1.0,1.0,1.0,0.4063926432223542,0.002675956745082194,2.6261932693253924e-06,6.479798532154343e-08,2.7140639345260423e-07,0.09885163342449732,1.0,1.0,1.0,1.0,1.0,4.783199427320631e-05,5.892628200298758e-05
1.4022301283438832e-13,4.901289674358552e-15,1.8636437991142476e-16,1.4189444693202258e-16,1.0,1.0,5.592708596973775e-05,7.942946500013923e-05,1.0,1.0,4.58326004862031e-07,1.285555733635291e-07,1.0,1.0,1.0,0.11511456728515129,1.0,1.0,1.0,1.0,1.0,1.0,0.05775625050227796,0.06646687967435978,1.4404064961138899e-09,2.762748080407243e-11,1.4135781854816913e-12,2.5309054960113383e-12,1.0,1.0,1.0,1.0,1.0,1.0,2.5588159729089694e-10,7.286121367913473e-10,1.0,1.0,1.0,1.0,1.0,1.0,1.0,1.0,1.0,1.0,1.0,1.0,0.48912085968097657,1.0,0.5090795177234273,0.38960411378927073,2.9874832940056448e-05,1.8259055039945135e-07,1.5198016042616066e-16,4.5083925648655365e-15,1.0,0.5812062186263512,1.5953013577950627e-11,2.604869277805521e-11,7.134341466446117e-05,0.00032916114446701616,3.4637699194549434e-09,1.7554878770828867e-09,1.0,1.0,1.0,1.0,1.0,1.0,0.0008374719347699613,0.00018626395083103754,1.6553299925248596e-07,1.850428420117743e-11,1.7183860964884266e-13,1.0403017152005695e-12,1.0,1.0,1.0,1.0,1.0,1.0,7.807137643636647e-10,1.0312751247268777e-09
1.1652172688626548e-06,9.417620424373255e-08,7.896131496319345e-09,6.421219307800462e-09,1.0,1.0,0.9834005303333042,1.0,1.0,1.0,0.04661220946666483,0.019791630250182966,1.0,1.0,1.0,1.0,0.8802280474188676,1.0,1.0,1.0,0.05877425227355912,0.2642541094539861,1.0,1.0,0.0009105707456355621,5.5568204914345055e-05,6.423215641500587e-06,9.82406839327249e-06,0.22013624387092182,0.5184479485934856,1.0,1.0,1.0,1.0,0.0002712261582772828,0.0005676541589357719,1.0,1.0,1.0,1.0,6.142965847820895e-05,0.00017940746222719852,8.774442020424971e-05,7.656799915291787e-05,0.0018068122542922137,0.008424937712455713,1.0,1.0,1.0,1.0,1.0,1.0,0.6628722103737917,0.025068857937319486,6.7618041025653104e-09,8.843322069880075e-08,1.0,1.0,3.745899425527396e-05,5.325676093362581e-05,1.0,1.0,0.0016739608009891218,0.0010439049682516809,1.0,1.0,1.0,1.0,1.0,1.0,1.0,1.0,0.023463592525708538,4.176335028843687e-05,1.3552836340114573e-06,5.128767515058327e-06,0.013197477756363893,1.0,1.0,1.0,1.0,1.0,0.0005956477981693597,0.0007227858439015612
1.0,1.0,1.0,1.0,3.391652491750986e-09,1.0028606192808399e-06,1.0,1.0,9.351442812173809e-08,0.0011731773126966848,1.0,1.0,6.63302971682698e-12,1.9152857444937153e-09,0.0776757376647818,0.8555042521995593,7.047420881596928e-15,2.52724601915248e-14,9.563763744754303e-14,3.357699685137392e-13,1.0532832894842833e-17,3.537623231850806e-16,1.0,1.0,1.0,1.0,1.0,1.0,2.263245128281318e-16,1.8882639496813425e-15,2.441220332022619e-05,2.02576922014403e-05,2.5588159729089694e-10,0.0002712261582772828,1.0,1.0,0.0002527920094568837,0.008342394986175143,0.0010447981670667235,0.0012792871282924024,6.287977162388678e-24,5.183277058989272e-23,1.2708962326548687e-23,9.734222759647837e-24,5.680489988397812e-21,1.4921361591640302e-19,8.150899138341648e-11,8.828877363517167e-12,0.21504937835372898,0.044202311953565936,0.20567565908178637,0.27301566390799986,1.0,1.0,1.0,1.0,2.6350842854158575e-05,0.17825396804166854,1.0,1.0,1.0,1.0,1.0,1.0,4.780555582427725e-14,8.23907158479901e-11,0.00021373223840163798,5.680456489414215e-06,6.75609520440425e-09,0.0028137024029152606,1.0,1.0,1.0,1.0,1.0,1.0,3.9121978096127995e-19,1.1923184365584721e-14,0.0009337805045200029,2.4832944189722144e-05,3.230806160975364e-09,0.000326298231807166,1.0,1.0
1.0,1.0,1.0,1.0,9.174145565253464e-09,2.4244886718434842e-06,1.0,1.0,2.3759868366329956e-07,0.002365619116704722,1.0,1.0,2.0299742134931563e-11,5.287354584314332e-09,0.13776498894787156,1.0,2.4188593486833687e-14,8.473749410595015e-14,3.1427964221425296e-13,1.0791916349090654e-12,3.993466081864378e-17,1.2707591123816292e-15,1.0,1.0,1.0,1.0,1.0,1.0,8.206217820543466e-16,6.587751548475911e-15,5.430642649559097e-05,4.540302879018515e-05,7.286121367913473e-10,0.0005676541589357719,1.0,1.0,0.0005300508721233387,0.015930671207766655,0.0021124909120279634,0.0025709464371053,2.906894882227443e-23,2.3295495772689227e-22,5.825670571453806e-23,4.4774789975460785e-23,2.4007738271320662e-20,6.016418340230007e-19,2.377213246320874e-10,2.688486351225631e-11,0.3640214053559641,0.07959476032259413,0.3489294241204523,0.45788342997696235,1.0,1.0,1.0,1.0,5.841054627366367e-05,0.3045365673511724,1.0,1.0,1.0,1.0,1.0,1.0,1.587897804387873e-13,2.401599933260616e-10,0.00045235920856726036,1.3183927940804212e-05,1.8020357002030513e-08,0.0055257562999299365,1.0,1.0,1.0,1.0,1.0,1.0,1.5551335325054684e-18,4.056789529966774e-14,0.001898543114448744,5.5241726632892835e-05,8.756879120657719e-09,0.0006783607160788028,1.0,1.0
1.071921118634349e-06,8.629877878486e-08,7.198606914335587e-09,5.8538357859378415e-09,1.0,1.0,0.9398293711914442,1.0,1.0,1.0,0.04405715925007886,0.018669640394013035,1.0,1.0,1.0,1.0,0.9230165987256659,1.0,1.0,1.0,0.06209403294470935,0.2776377190857589,1.0,1.0,0.0008524673300818248,5.1594872186176784e-05,5.9326579299772254e-06,9.074782091222219e-06,0.23130493275390757,0.5423300722114434,1.0,1.0,1.0,1.0,0.0002527920094568837,0.0005300508721233387,1.0,1.0,1.0,1.0,6.604767772380641e-05,0.00019248212649061337,9.425893102602166e-05,8.231509999844095e-05,0.001928882636544458,0.00894716150176345,1.0,1.0,1.0,1.0,1.0,1.0,0.633374489175256,0.023651854084778826,6.171624199274086e-09,8.102609725641897e-08,1.0,1.0,3.4748546873798484e-05,4.952758147926281e-05,1.0,1.0,0.0015667042624055202,0.0009776528592296916,1.0,1.0,1.0,1.0,1.0,1.0,1.0,1.0,0.02214453641873684,3.873473012998946e-05,1.2476487779296449e-06,4.740486193154537e-06,0.014012003940391881,1.0,1.0,1.0,1.0,1.0,0.0005567656328757487,0.0006759429295484382
6.953536812257653e-05,7.441019316124565e-06,7.959227867864693e-07,6.602272979422124e-07,1.0,1.0,1.0,1.0,1.0,1.0,0.6724837117400299,0.3363861675162217,1.0,1.0,1.0,1.0,0.06393244402138155,0.11591528248200927,0.21504937835372898,0.3745821015095444,0.002536276959826628,0.014850749195907101,1.0,1.0,0.024008079250740496,0.002090244494337442,0.0003153864308689775,0.00045939752628154195,0.011903183299421277,0.03387676231133662,1.0,1.0,1.0,1.0,0.008342394986175143,0.015930671207766655,1.0,1.0,1.0,1.0,1.0106415498475746e-06,3.399350359322203e-06,1.5184466982870115e-06,1.3008247719932015e-06,4.7041399673541176e-05,0.0002746349163832986,1.0,1.0,1.0,1.0,1.0,1.0,1.0,0.40789580037475054,6.914091882605718e-07,7.032650309813218e-06,1.0,1.0,0.0014762595599864079,0.002012974716108581,1.0,1.0,0.041055766623172237,0.02712091661897851,0.15670056278493152,1.0,1.0,1.0,1.0,1.0,1.0,1.0,0.38583017822992494,0.0016247219796520233,7.938743847922414e-05,0.000258477311478634,0.00045939752628154195,0.08172140037580382,1.0,1.0,1.0,1.0,0.016582623616260454,0.01962495573882124
5.8097394511988695e-06,5.214767107564208e-07,4.772795386877822e-08,3.914065463656654e-08,1.0,1.0,1.0,1.0,1.0,1.0,0.13622488280810016,0.06179504110784435,1.0,1.0,1.0,1.0,0.34669823906087643,0.5847890522079032,1.0,1.0,0.018777136221521544,0.09396528930438877,1.0,1.0,0.0033009723119885037,0.0002316652077661462,2.984294298684085e-05,4.4735751775900386e-05,0.07736476800605016,0.19855021645156365,1.0,1.0,1.0,1.0,0.0010447981670667235,0.0021124909120279634,1.0,1.0,1.0,1.0,1.3837465361744333e-05,4.255119478805438e-05,2.0195182550121204e-05,1.7488587113549586e-05,0.00048071779162485364,0.0024423490389553805,1.0,1.0,1.0,1.0,1.0,1.0,1.0,0.0768725231900594,4.11058620088522e-08,4.910666942086634e-07,1.0,1.0,0.00015891935846003508,0.00022247017659102273,1.0,1.0,0.005877207739016269,0.003755344353791747,0.761438328136569,1.0,1.0,1.0,1.0,1.0,1.0,1.0,0.07218975017807976,0.0001763138741947314,6.7046549709603705e-06,2.4060202569850237e-05,0.00387956897678333,0.43100583792474984,1.0,1.0,1.0,1.0,0.0022122833697052844,0.0026581138950845895
7.3784209227076255e-06,6.728264739673855e-07,6.252149034740615e-08,5.12752992645147e-08,1.0,1.0,1.0,1.0,1.0,1.0,0.16003960740469028,0.0726803528771177,1.0,1.0,1.0,1.0,0.2988954767873458,0.5065837030356777,0.8807702738415479,1.0,0.015732809767442426,0.08005940475199269,1.0,1.0,0.0039946266733093,0.00028682981471481715,3.743789266097276e-05,5.584225062814874e-05,0.06563970962321229,0.16955987296487526,1.0,1.0,1.0,1.0,0.0012792871282924024,0.0025709464371053,1.0,1.0,1.0,1.0,1.0918833772105771e-05,3.390668756221849e-05,1.598287213629621e-05,1.3838788763467285e-05,0.00038978005459499476,0.0020078807916864565,1.0,1.0,1.0,1.0,1.0,1.0,1.0,0.09006516154330987,5.393431822285217e-08,6.34076905744236e-07,1.0,1.0,0.0001973121710395707,0.00027552874355948756,1.0,1.0,0.0070920612571496264,0.004548416295935439,0.6603283640077312,1.0,1.0,1.0,1.0,1.0,1.0,1.0,0.08486345224990535,0.00021826198393512904,8.513715426793267e-06,3.026641115552371e-05,0.00320982187865183,0.3731657390864842,1.0,1.0,1.0,1.0,0.0026849198508850577,0.0032163950863350033
1.3888438732163926e-28,1.2865803549342626e-30,1.4066424742585562e-32,9.695478438878085e-33,0.29706151409135095,0.008384863413822267,8.29869238056529e-16,1.4739872387867672e-15,0.04313032652225515,1.2101180429562118e-05,4.431692592093062e-19,6.416616174146381e-20,1.0,0.39639299624991015,3.6296145405828486e-08,3.9018240277811466e-10,1.0,1.0,1.0,1.0,1.0,1.0,1.0940700956890254e-10,1.421166976247614e-10,7.856936707877891e-23,2.511420290159515e-25,3.6235945082242835e-27,8.248389446873747e-27,1.0,1.0,0.0006374192585759304,0.0007520432886265378,1.0,6.142965847820895e-05,6.287977162388678e-24,2.906894882227443e-23,6.604767772380641e-05,1.0106415498475746e-06,1.3837465361744333e-05,1.0918833772105771e-05,1.0,1.0,1.0,1.0,1.0,1.0,1.0,1.0,6.253502255701018e-09,8.98275195374048e-08,6.7716016577792356e-09,3.986478071100775e-09,3.0071547812009413e-16,1.095174784948685e-19,1.0648631312034794e-32,1.1458833991296733e-30,0.0005956477981693597,8.758947187504815e-09,1.141426467536919e-25,2.307746232956879e-25,1.2374513450945235e-15,1.4863742110821077e-14,2.8387536521601287e-22,1.0508920675841692e-22,1.0,1.0,7.843535543626018e-05,0.002201048782341589,0.20591299332655022,4.184271030629881e-06,7.058498670048454e-14,5.827963786743363e-15,9.430176497156584e-20,1.4143818826485023e-25,1.8476899832009947e-28,2.3475107157318407e-27,1.0,1.0,1.5787801147828402e-05,0.0006277785369271768,0.3045365673511724,5.074098648600807e-05,3.2148836683492343e-23,4.8270606944830557e-23
1.37868769918007e-27,1.3776264315962078e-29,1.6145477899533783e-31,1.1192260871112075e-31,0.5995026258570464,0.020336678413895824,4.707863532410488e-15,8.274606476518209e-15,0.09636352349909398,3.736163969964429e-05,2.9551859856736964e-18,4.456304414139599e-19,1.0,0.7933428567069701,1.3371364853580255e-07,1.6410281706900349e-09,1.0,1.0,1.0,1.0,1.0,1.0,4.729236165801844e-10,6.089551129785085e-10,6.173488793712822e-22,2.195163716326714e-24,3.404595139957031e-26,7.659227878305273e-26,1.0,1.0,0.0017060121418546073,0.0020002163320647463,1.0,0.00017940746222719852,5.183277058989272e-23,2.3295495772689227e-22,0.00019248212649061337,3.399350359322203e-06,4.255119478805438e-05,3.390668756221849e-05,1.0,1.0,1.0,1.0,1.0,1.0,1.0,1.0,2.4208646132202694e-08,3.250857460447455e-07,2.619403404366583e-08,1.5595257873020998e-08,1.7554011920473957e-15,7.516336511691689e-19,1.2274859237442338e-31,1.2292239472476692e-29,0.0015968445713059848,3.375263229840623e-08,1.0095661892971262e-24,2.0189298247102044e-24,6.971035260872088e-15,7.970409357526959e-14,2.182751128617741e-21,8.213731627635309e-22,1.0,1.0,0.00022749562108788618,0.0056010588687186525,0.4247621130499755,1.3401925617491706e-05,3.6514453091619353e-13,3.193383978648309e-14,6.490946073290639e-19,1.246395760683296e-24,1.8251197589119885e-27,2.2203815868365375e-26,1.0,1.0,4.823682871298557e-05,0.001680429998685568,0.6143466998253262,0.00014848947102279425,2.571691300744177e-22,3.8298084747011658e-22
2.9863002936036156e-28,2.8362744797205323e-30,3.1723800333097944e-32,2.1913882186750356e-32,0.37640213861187066,0.011313009466555658,1.4825370962455255e-15,2.6198699962095724e-15,0.05676855715640475,1.765067186724225e-05,8.346560175901328e-19,1.2262783368838163e-19,1.0,0.49899993014168975,5.6163959309057086e-08,6.30230659805231e-10,1.0,1.0,1.0,1.0,1.0,1.0,1.7871040779594964e-10,2.316293727848938e-10,1.5643272301939297e-22,5.171659781703073e-25,7.646803792920085e-27,1.73520359380519e-26,1.0,1.0,0.0008863408897982614,0.0010425526818386307,1.0,8.774442020424971e-05,1.2708962326548687e-23,5.825670571453806e-23,9.425893102602166e-05,1.5184466982870115e-06,2.0195182550121204e-05,1.598287213629621e-05,1.0,1.0,1.0,1.0,1.0,1.0,1.0,1.0,9.807337242490928e-09,1.3805183627736076e-07,1.062738219898924e-08,6.3005461737754014e-09,5.429585356754233e-16,2.0851960557594285e-19,2.4049788174047005e-32,2.527644859986806e-30,0.0008297226230220872,1.3723636020314619e-08,2.361814721477703e-25,4.751791773919241e-25,2.201539805010626e-15,2.6095358991687795e-14,5.606526043330579e-22,2.0886749201877414e-22,1.0,1.0,0.0001121482547453402,0.0030047068217571265,0.2630640200028412,6.168065190542106e-06,1.222939890178711e-13,1.0282053642397472e-14,1.796681805891537e-19,2.921329154835227e-25,3.9667712770043013e-28,4.965839903219822e-27,1.0,1.0,2.299903824515181e-05,0.0008730938923383953,0.38583017822992494,7.242503344457941e-05,6.440926558906119e-23,9.638908757028589e-23
2.234080584889739e-28,2.101835730687935e-30,2.330148954043301e-32,1.6084397160504108e-32,0.34471032531549556,0.010101977403639602,1.1908850967597237e-15,2.1064528747406076e-15,0.051167387370735694,1.5314429355367723e-05,6.564936893061479e-19,9.596650721633683e-20,1.0,0.4580554471875541,4.759770372179407e-08,5.255250002715258e-10,1.0,1.0,1.0,1.0,1.0,1.0,1.4845712759437642e-10,1.925117056125643e-10,1.2043169629490763e-22,3.930839028575514e-25,5.757952480966971e-27,1.3088631348320063e-26,1.0,1.0,0.0007824254300508403,0.0009215034069297378,1.0,7.656799915291787e-05,9.734222759647837e-24,4.4774789975460785e-23,8.231509999844095e-05,1.3008247719932015e-06,1.7488587113549586e-05,1.3838788763467285e-05,1.0,1.0,1.0,1.0,1.0,1.0,1.0,1.0,8.27821290645912e-09,1.1738363727810549e-07,8.963137104677016e-09,5.29828310348019e-09,4.342717830241033e-16,1.6339663292036299e-19,1.7660397729034546e-32,1.8726911228424966e-30,0.0007312066254870351,1.1585012265773021e-08,1.794169115907579e-25,3.6110383845839634e-25,1.7709422897354655e-15,2.1081902289983308e-14,4.331600079182773e-22,1.6090634094261355e-22,1.0,1.0,9.779926197948021e-05,0.0026738342909643034,0.23975528914912117,5.319884775406342e-06,9.92344430036897e-14,8.290478592131495e-15,1.4069419618411716e-19,2.2202407099958667e-25,2.9693255586719294e-28,3.7379725947863e-27,1.0,1.0,1.995222890475329e-05,0.0007706878181690483,0.3531958428779878,6.32817176724009e-05,4.950023147595514e-23,7.416780053846487e-23
2.3114594548085952e-25,2.7538139879917705e-27,3.7991880985185223e-29,2.668395226831266e-29,1.0,0.13500663217256098,2.2277287765722847e-13,3.8008418494945e-13,0.5311026773114049,0.0004271745275946161,2.0044220005220892e-16,3.295906137308986e-17,1.0,1.0,2.347046902992746e-06,3.8111846068334e-08,1.0,1.0,1.0,1.0,1.0,1.0,1.1863335575000275e-08,1.5055046012346845e-08,6.109366859082926e-20,2.7446258322968976e-22,5.046184489386356e-24,1.0975946480418601e-23,1.0,1.0,0.014166747053640679,0.016381079552920823,1.0,0.0018068122542922137,5.680489988397812e-21,2.4007738271320662e-20,0.001928882636544458,4.7041399673541176e-05,0.00048071779162485364,0.00038978005459499476,1.0,1.0,1.0,1.0,1.0,1.0,1.0,1.0,4.7311530179578734e-07,5.337095124103017e-06,5.093186557819595e-07,3.1395819939714216e-07,8.68832940567692e-14,5.428892848758171e-17,2.9168446248206935e-29,2.467519359844054e-27,0.013338352544038872,6.439702866904626e-07,1.304542043577606e-22,2.5335723449344323e-22,3.230078873461202e-13,3.26215206283753e-12,2.0458614872283847e-19,8.03540378369387e-20,1.0,1.0,0.0022406643955806046,0.0423493006314014,1.0,0.00016610132648577287,1.38270388267751e-11,1.3675898179856097e-12,4.715295725968423e-17,1.5965619136458594e-22,3.023835729420993e-25,3.346125337486684e-24,1.0,1.0,0.0005392201427873824,0.01398031563716982,1.0,0.0015178638774677265,2.6385022837027654e-20,3.8663060871699885e-20
8.250416706535802e-24,1.1148186610479196e-25,1.731035382295625e-27,1.2277216991693615e-27,1.0,0.4580554471875541,3.190057557488507e-12,5.339460761775842e-12,1.0,0.0021823729084389358,3.6942672517701586e-15,6.504191310812427e-16,1.0,1.0,1.6311174197950376e-05,3.251414856941914e-07,1.0,1.0,1.0,1.0,1.0,1.0,1.0671573410152202e-07,1.3404236663759204e-07,1.4866677391909411e-18,7.918536331218839e-21,1.6392597399841188e-22,3.4849294359297263e-22,1.0,1.0,0.05845868493774566,0.06672453292245058,1.0,0.008424937712455713,1.4921361591640302e-19,6.016418340230007e-19,0.00894716150176345,0.0002746349163832986,0.0024423490389553805,0.0020078807916864565,1.0,1.0,1.0,1.0,1.0,1.0,1.0,1.0,3.5843367769130153e-06,3.5547538511376e-05,3.846032063773709e-06,2.427382063292178e-06,1.287145787261509e-12,1.0538368611181371e-15,1.3388343309989311e-27,1.0019558958550653e-25,0.05533174657241478,4.798156601283895e-06,3.849427012414684e-21,7.325291201882469e-21,4.567779218170897e-12,4.206186863800019e-11,4.78022391455338e-18,1.9365597171405088e-18,1.0,1.0,0.010360043427524284,0.1597377865116342,1.0,0.0009001614972660028,1.6798821096469424e-10,1.8288957434344392e-11,9.200189275265603e-16,4.681091347168619e-21,1.0719502852869977e-23,1.10206752327148e-22,1.0,1.0,0.0027169049812707175,0.05775625050227796,1.0,0.0071635115370886964,6.590268529083974e-19,9.53505390284453e-19
3.873791784689068e-14,1.2820568890078233e-15,4.590315605835678e-17,3.483938437543245e-17,1.0,1.0,2.380584557664033e-05,3.431541027745853e-05,1.0,1.0,1.7107150938426084e-07,4.6947454720332716e-08,1.0,1.0,0.704741211190529,0.0622210466950027,1.0,1.0,1.0,1.0,1.0,1.0,0.03004696139514075,0.0349972623143374,4.736565431291898e-10,8.39734543603383e-12,4.067115087482932e-13,7.345072784956412e-13,1.0,1.0,1.0,1.0,1.0,1.0,8.150899138341648e-11,2.377213246320874e-10,1.0,1.0,1.0,1.0,1.0,1.0,1.0,1.0,1.0,1.0,1.0,1.0,0.2829755202759189,1.0,0.29558422326207334,0.2226441486635577,1.242729119931371e-05,6.711670820846907e-08,3.734568703245507e-17,1.1794777432215356e-15,1.0,0.33878302472486393,4.79664243811628e-12,7.905766440200726e-12,3.069091711223583e-05,0.00014652776760115124,1.1556089097371975e-09,5.790084939739055e-10,1.0,1.0,1.0,1.0,1.0,1.0,0.00038534033468212746,8.124715634115674e-05,6.075460598394207e-08,5.5796171193904815e-12,4.7612283261582386e-14,2.979383895186842e-13,1.0,1.0,1.0,1.0,1.0,1.0,2.549889487704383e-10,3.376597743492867e-10
3.2249356452146663e-15,9.539289799235563e-17,3.0726203422109945e-18,2.3127302611482492e-18,1.0,1.0,4.415781341002314e-06,6.481299325035057e-06,1.0,1.0,2.5400460386293244e-08,6.595724649429316e-09,1.0,1.0,0.25238968629695985,0.018022886521925678,1.0,1.0,1.0,1.0,1.0,1.0,0.008339820494846323,0.00976709506433952,5.511985032662847e-11,8.378842735909427e-13,3.6680765929516366e-14,6.752249697249388e-14,1.0,1.0,1.0,1.0,1.0,1.0,8.828877363517167e-12,2.688486351225631e-11,1.0,1.0,1.0,1.0,1.0,1.0,1.0,1.0,1.0,1.0,1.0,1.0,0.09208769718683231,0.4153021141769871,0.09644892608898581,0.07123123734929053,2.236712716977794e-06,9.562637759221625e-09,2.4843134650160537e-18,8.741517382201902e-17,1.0,0.112399116393777,4.687698674878711e-13,7.86883558909984e-13,5.767107630311194e-06,3.0189284269624887e-05,1.394318616216089e-10,6.808976210084337e-11,1.0,1.0,1.0,1.0,1.0,1.0,8.259605042285168e-05,1.627685628987469e-05,8.622327192437401e-09,5.489538940422432e-13,3.986919240300082e-15,2.6562273974043826e-14,1.0,1.0,1.0,1.0,1.0,1.0,2.891413887582194e-11,3.8832496021654564e-11
0.0035698687648002235,0.0005196226797734029,7.376700324216122e-05,6.272926714697506e-05,1.0,1.0,1.0,1.0,1.0,1.0,1.0,1.0,0.07981225513009704,1.0,1.0,1.0,0.0019850588686211616,0.003997677244878215,0.008342394986175143,0.016487050441634767,4.6717730973936234e-05,0.00036326303295811086,1.0,1.0,0.5064005792152283,0.06678648773713546,0.013177993599089137,0.018133963161199463,0.00028015091010250335,0.0009408094796692542,1.0,1.0,0.48912085968097657,1.0,0.21504937835372898,0.3640214053559641,1.0,1.0,1.0,1.0,6.253502255701018e-09,2.4208646132202694e-08,9.807337242490928e-09,8.27821290645912e-09,4.7311530179578734e-07,3.5843367769130153e-06,0.2829755202759189,0.09208769718683231,1.0,1.0,1.0,1.0,1.0,1.0,6.534543300921397e-05,0.0004950794165967195,1.0,1.0,0.04994744621154948,0.06482215257516888,1.0,1.0,0.7794516023033111,0.5574788572197752,0.005697008937470255,0.284274237521252,1.0,1.0,1.0,1.0,1.0,1.0,1.0,0.054110013196817526,0.004009104236963008,0.011104459679502183,6.437216644305299e-06,0.002654873988046925,1.0,1.0,1.0,1.0,0.3761275859412838,0.43105186381463084
0.0005163466115641432,6.38697556959407e-05,7.872402151481209e-06,6.60702211882346e-06,1.0,1.0,1.0,1.0,1.0,1.0,1.0,1.0,0.36489563382118523,1.0,1.0,1.0,0.012492735624404241,0.024008079250740496,0.04754886492188696,0.08775294451716664,0.0003871124333252957,0.0025905847432997676,1.0,1.0,0.11591528248200927,0.01216607649228452,0.002096334791053685,0.0029598108962959006,0.0020415408354611596,0.006264910565844565,1.0,1.0,1.0,1.0,0.044202311953565936,0.07959476032259413,1.0,1.0,1.0,1.0,8.98275195374048e-08,3.250857460447455e-07,1.3805183627736076e-07,1.1738363727810549e-07,5.337095124103017e-06,3.5547538511376e-05,1.0,0.4153021141769871,1.0,1.0,1.0,1.0,1.0,1.0,6.902619640522752e-06,6.070557971450592e-05,1.0,1.0,0.008796389155821321,0.011748570714813613,1.0,1.0,0.18812766709428344,0.12965561451506732,0.033395322741347266,1.0,1.0,1.0,1.0,1.0,1.0,1.0,1.0,0.009609008225011937,0.0005845027708599516,0.001747010380605339,6.12740554259205e-05,0.016381079552920823,1.0,1.0,1.0,1.0,0.08264668102028887,0.09613953252100764
0.0033796308812209814,0.0004901732497786515,6.926377166144848e-05,5.892974006662503e-05,1.0,1.0,1.0,1.0,1.0,1.0,1.0,1.0,0.0836275779939053,1.0,1.0,1.0,0.0020955355584913664,0.004218936054813393,0.008796389155821321,0.017356512410398914,4.979714256181644e-05,0.0003855221813685042,1.0,1.0,0.48623788302377413,0.063802230025414,0.01249632744710087,0.017236401182993216,0.0002978818950459406,0.0009972275570629982,1.0,1.0,0.5090795177234273,1.0,0.20567565908178637,0.3489294241204523,1.0,1.0,1.0,1.0,6.7716016577792356e-09,2.619403404366583e-08,1.062738219898924e-08,8.963137104677016e-09,5.093186557819595e-07,3.846032063773709e-06,0.29558422326207334,0.09644892608898581,1.0,1.0,1.0,1.0,1.0,1.0,6.13666776128357e-05,0.00046717952239299455,1.0,1.0,0.04754886492188696,0.06185301666341006,1.0,1.0,0.7485354941742545,0.5357886632245092,0.006016177975331817,0.2969353460911164,1.0,1.0,1.0,1.0,1.0,1.0,1.0,0.05152260592120923,0.003794641505124884,0.010525640542320112,6.891198489454012e-06,0.002801953683708064,1.0,1.0,1.0,1.0,0.36143502394712534,0.4139108212268544
0.004848245312440636,0.0007208607784994932,0.00010480654766638361,8.902249880964455e-05,1.0,1.0,1.0,1.0,1.0,1.0,1.0,1.0,0.061623269063261474,1.0,1.0,1.0,0.001445213806878505,0.002956233283457775,0.00619890681675619,0.012380097846364043,3.257578769367262e-05,0.0002588411354956234,1.0,1.0,0.6354278550871949,0.08642959267231812,0.017525489933428395,0.024020086355811536,0.00019936447766928571,0.0006813963146514511,1.0,1.0,0.38960411378927073,1.0,0.27301566390799986,0.45788342997696235,1.0,1.0,1.0,1.0,3.986478071100775e-09,1.5595257873020998e-08,6.3005461737754014e-09,5.29828310348019e-09,3.1395819939714216e-07,2.427382063292178e-06,0.2226441486635577,0.07123123734929053,1.0,1.0,1.0,1.0,1.0,1.0,9.26906173310307e-05,0.0006862848941225046,1.0,1.0,0.06507390040745953,0.08397703112619458,1.0,1.0,0.9761337001258279,0.6995956762529729,0.004201680858507677,0.22381844302872628,1.0,1.0,1.0,1.0,1.0,1.0,1.0,0.07033539638215566,0.0054446706129630575,0.014840744878306004,4.396861250896651e-06,0.0019513534062044096,1.0,1.0,1.0,1.0,0.4719407463127628,0.5398292682565338
1.0,1.0,0.8700984567798696,0.783644539398414,0.00020860675249831422,0.013631364410320474,1.0,1.0,0.0024474362969773697,1.0,1.0,1.0,1.7866604853777328e-06,0.00013630496636349526,1.0,1.0,8.077674660713335e-09,2.2265620440656586e-08,6.406665368199698e-08,1.7216754234943075e-07,4.20751774163487e-11,7.243002999347281e-10,1.0,1.0,1.0,1.0,1.0,1.0,5.050206222820741e-10,2.8087504172731607e-09,0.13041215413257187,0.11435980613631332,2.9874832940056448e-05,0.6628722103737917,1.0,1.0,0.633374489175256,1.0,1.0,1.0,3.0071547812009413e-16,1.7554011920473957e-15,5.429585356754233e-16,4.342717830241033e-16,8.68832940567692e-14,1.287145787261509e-12,1.242729119931371e-05,2.236712716977794e-06,1.0,1.0,1.0,1.0,1.0,1.0,0.8041618431453254,1.0,0.13755052882944085,1.0,1.0,1.0,1.0,1.0,1.0,1.0,3.703086973145639e-08,1.2529809535067832e-05,0.5654733382897721,0.04732563104068985,0.00035067311142366703,1.0,1.0,1.0,1.0,1.0,1.0,1.0,2.8475752359442517e-12,1.2252870338267966e-08,1.0,0.1320114210698615,0.00020114518451825613,0.7501982083431133,1.0,1.0
1.0,1.0,1.0,1.0,1.7407215526567014e-06,0.00023112292663828637,1.0,1.0,3.084544380588223e-05,0.08423607046844647,1.0,1.0,7.453692341829526e-09,1.0613833562731043e-06,1.0,1.0,1.6984739618729875e-11,5.300530681580544e-11,1.7410807358922469e-10,5.290076163672143e-10,4.895802616138233e-14,1.1544331219323592e-12,1.0,1.0,1.0,1.0,1.0,1.0,7.729118225472054e-13,5.204552538326987e-12,0.0033491345026879214,0.002874882654977069,1.8259055039945135e-07,0.025068857937319486,1.0,1.0,0.023651854084778826,0.40789580037475054,0.0768725231900594,0.09006516154330987,1.095174784948685e-19,7.516336511691689e-19,2.0851960557594285e-19,1.6339663292036299e-19,5.428892848758171e-17,1.0538368611181371e-15,6.711670820846907e-08,9.562637759221625e-09,1.0,1.0,1.0,1.0,1.0,1.0,1.0,1.0,0.0035656204275016524,1.0,1.0,1.0,1.0,1.0,1.0,1.0,9.383532708896696e-11,6.77512968091183e-08,0.02059445853968517,0.0009954920860466053,3.177790403586986e-06,0.1726859256597986,1.0,1.0,1.0,1.0,1.0,1.0,2.508058178231996e-15,2.7181279747422312e-11,0.07009045544975447,0.0033936614709221373,1.669181016601186e-06,0.029283250000361447,1.0,1.0
1.0,1.0,1.0,1.0,3.657815730167691e-15,4.678445464142198e-12,0.540386131589312,0.43107462458406764,2.329489819531853e-13,4.798760196508561e-08,1.0,1.0,1.756527759922943e-18,1.8181583464803762e-15,1.5432185037614094e-05,0.0005093917766486539,4.587279333192877e-22,2.1135462223470515e-21,1.048685194044498e-20,4.755274747759098e-20,2.0080387598067422e-25,1.2901545265796328e-23,0.0012043863238134832,0.0010136194408315005,1.0,1.0,1.0,1.0,7.601981034707136e-24,9.503358826296101e-23,2.8214488359683514e-10,2.221086032143782e-10,1.5198016042616066e-16,6.7618041025653104e-09,1.0,1.0,6.171624199274086e-09,6.914091882605718e-07,4.11058620088522e-08,5.393431822285217e-08,1.0648631312034794e-32,1.2274859237442338e-31,2.4049788174047005e-32,1.7660397729034546e-32,2.9168446248206935e-29,1.3388343309989311e-27,3.734568703245507e-17,2.4843134650160537e-18,6.534543300921397e-05,6.902619640522752e-06,6.13666776128357e-05,9.26906173310307e-05,0.8041618431453254,1.0,1.0,1.0,3.1159494548846474e-10,5.009572898804413e-05,1.0,1.0,0.46236189144877937,0.16143376015152539,1.0,1.0,4.553541720578146e-21,3.78427863063426e-17,4.9483345571500415e-09,4.301563887422144e-11,8.60651558017254e-15,1.565616057013299e-07,0.07766154534145656,0.24354524179491313,1.0,1.0,1.0,1.0,4.1446323897797644e-27,8.606243516413781e-22,3.536116362937164e-08,2.886145704872515e-10,3.4457831553627833e-15,8.622327192437401e-09,1.0,1.0
1.0,1.0,1.0,1.0,9.532392451496842e-14,8.901152897070144e-11,1.0,1.0,5.083402023892663e-12,5.681928725317583e-07,1.0,1.0,6.260035946377695e-17,4.865360039503036e-14,0.0001279195619846862,0.0033105090876172044,2.226559996929971e-20,9.700040286110535e-20,4.533716389695957e-19,1.9423418039670142e-18,1.2728606160381376e-23,7.076421574506639e-22,0.007391445170808083,0.006295302105192858,1.0,1.0,1.0,1.0,4.246186239826728e-22,4.862814730988675e-21,4.420873501127036e-09,3.5072563134822336e-09,4.5083925648655365e-15,8.843322069880075e-08,1.0,1.0,8.102609725641897e-08,7.032650309813218e-06,4.910666942086634e-07,6.34076905744236e-07,1.1458833991296733e-30,1.2292239472476692e-29,2.527644859986806e-30,1.8726911228424966e-30,2.467519359844054e-27,1.0019558958550653e-25,1.1794777432215356e-15,8.741517382201902e-17,0.0004950794165967195,6.070557971450592e-05,0.00046717952239299455,0.0006862848941225046,1.0,1.0,1.0,1.0,4.854856144804364e-09,0.0003855192973179832,1.0,1.0,1.0,0.6467231324958419,1.0,1.0,2.031045884652787e-19,1.1941549350412852e-15,6.580221519613454e-08,7.324881932139255e-10,2.1694817212943327e-13,1.7428249364426737e-06,0.33880903535897966,0.9439221488603552,1.0,1.0,1.0,1.0,2.9876794420308606e-25,4.086024805397501e-20,4.2552572131758215e-07,4.517133445552839e-09,9.002507432426169e-14,1.1148027616844162e-07,1.0,1.0
7.473993959862456e-08,5.1907505107974076e-09,3.669804157188202e-10,2.946643460064854e-10,1.0,1.0,0.21347611578004966,0.2715129999893307,1.0,1.0,0.006978369980781828,0.002770348973555662,1.0,1.0,1.0,1.0,1.0,1.0,1.0,1.0,0.3137631063024615,1.0,1.0,1.0,9.714347283782114e-05,4.730062247932381e-06,4.647655788528975e-07,7.315117734162932e-07,1.0,1.0,1.0,1.0,1.0,1.0,2.6350842854158575e-05,5.841054627366367e-05,1.0,1.0,1.0,1.0,0.0005956477981693597,0.0015968445713059848,0.0008297226230220872,0.0007312066254870351,0.013338352544038872,0.05533174657241478,1.0,1.0,1.0,1.0,1.0,1.0,0.13755052882944085,0.0035656204275016524,3.1159494548846474e-10,4.854856144804364e-09,1.0,1.0,3.0932275950056295e-06,4.51700530606726e-06,0.25238968629695985,0.6980340084482244,0.00018864150403617526,0.0001130090166633605,1.0,1.0,1.0,1.0,1.0,1.0,1.0,0.4772339752931019,0.0033228708705330336,3.470555633741962e-06,8.771039799138722e-08,3.6491405674677733e-07,0.08248199094022372,1.0,1.0,1.0,1.0,1.0,6.142965847820895e-05,7.560845774966445e-05
0.002841121154854352,0.0004046374291948768,5.661376385426614e-05,4.809264919316454e-05,1.0,1.0,1.0,1.0,1.0,1.0,1.0,1.0,0.09677800323808029,1.0,1.0,1.0,0.0025095330995473122,0.0050426515892997275,0.01043414478593322,0.020445263789866497,6.1003961030396666e-05,0.00046718028053689654,1.0,1.0,0.42716982783244883,0.05476848982104523,0.010549916220963488,0.0146268173659787,0.000362595269720896,0.0012002061661279572,1.0,1.0,0.5812062186263512,1.0,0.17825396804166854,0.3045365673511724,1.0,1.0,1.0,1.0,8.758947187504815e-09,3.375263229840623e-08,1.3723636020314619e-08,1.1585012265773021e-08,6.439702866904626e-07,4.798156601283895e-06,0.33878302472486393,0.112399116393777,1.0,1.0,1.0,1.0,1.0,1.0,5.009572898804413e-05,0.0003855192973179832,1.0,1.0,0.040646186468262326,0.053051733651159755,1.0,1.0,0.6565333061843794,0.46976503800597225,0.007146645759187757,0.3401968041157839,1.0,1.0,1.0,1.0,1.0,1.0,1.0,0.04405715925007886,0.003189766883898539,0.008865207014253317,8.580321433135948e-06,0.003336681427138646,1.0,1.0,1.0,1.0,0.31518836637430847,0.362545116032531
1.0,1.0,1.0,1.0,2.391676506928541e-10,9.620697794743385e-08,1.0,1.0,7.950450779457904e-09,0.00017991750682295048,1.0,1.0,3.478081841465565e-13,1.3201454737532802e-10,0.01633154283245936,0.23196476285832196,2.7739600657080203e-16,1.0485340064720026e-15,4.179304533267698e-15,1.547672385782409e-14,3.1846827555667886e-19,1.2252464106742304e-17,0.4326597806443459,0.3825966407076305,1.0,1.0,1.0,1.0,7.705556067792779e-18,7.008751562632229e-17,2.8509730400038065e-06,2.3367990567642416e-06,1.5953013577950627e-11,3.745899425527396e-05,1.0,1.0,3.4748546873798484e-05,0.0014762595599864079,0.00015891935846003508,0.0001973121710395707,1.141426467536919e-25,1.0095661892971262e-24,2.361814721477703e-25,1.794169115907579e-25,1.304542043577606e-22,3.849427012414684e-21,4.79664243811628e-12,4.687698674878711e-13,0.04994744621154948,0.008796389155821321,0.04754886492188696,0.06507390040745953,1.0,1.0,1.0,1.0,3.0932275950056295e-06,0.040646186468262326,1.0,1.0,1.0,1.0,1.0,1.0,2.032336243457321e-15,4.85104411962556e-12,2.9125287548955106e-05,6.050423981794201e-07,4.927369689999173e-10,0.0004614906340145561,1.0,1.0,1.0,1.0,1.0,1.0,1.04537296817201e-20,4.804342128788044e-16,0.0001406307088231532,2.9033182902160687e-06,2.274365458770195e-10,4.5609355762458016e-05,1.0,1.0
1.0,1.0,1.0,1.0,3.8088957339743676e-10,1.4579355034752123e-07,1.0,1.0,1.2270309715949577e-08,0.0002516190703473683,1.0,1.0,5.851374761289997e-13,2.1186821479702086e-10,0.021553449303082287,0.2938677234390979,4.915504931132763e-16,1.8342473855410938e-15,7.256733474701338e-15,2.6651440718026678e-14,5.894334843876872e-19,2.2173388575661187e-17,0.540020296858134,0.4780340564938326,1.0,1.0,1.0,1.0,1.3978389646324963e-17,1.2530847403920034e-16,4.175027516974119e-06,3.4302678070417433e-06,2.604869277805521e-11,5.325676093362581e-05,1.0,1.0,4.952758147926281e-05,0.002012974716108581,0.00022247017659102273,0.00027552874355948756,2.307746232956879e-25,2.0189298247102044e-24,4.751791773919241e-25,3.6110383845839634e-25,2.5335723449344323e-22,7.325291201882469e-21,7.905766440200726e-12,7.86883558909984e-13,0.06482215257516888,0.011748570714813613,0.06185301666341006,0.08397703112619458,1.0,1.0,1.0,1.0,4.51700530606726e-06,0.053051733651159755,1.0,1.0,1.0,1.0,1.0,1.0,3.542210596765047e-15,7.994709564599333e-12,4.1576628331367394e-05,9.007343325249252e-07,7.819085843799626e-10,0.0006362821543499626,1.0,1.0,1.0,1.0,1.0,1.0,1.9785040340650126e-20,8.476391610436377e-16,0.0001973172849884196,4.25086716977695e-06,3.622332744295513e-10,6.440073821629378e-05,1.0,1.0
1.0,1.0,0.4995064665128599,0.45113410765758366,0.0004759481507313779,0.02729489466284606,1.0,1.0,0.005152017837773803,1.0,1.0,1.0,4.64890577140877e-06,0.00031494764412065616,1.0,1.0,2.37939211502363e-08,6.419041190820056e-08,1.7997195383380092e-07,4.755460190183117e-07,1.392998139271422e-10,2.265103237160392e-09,1.0,1.0,1.0,1.0,1.0,1.0,1.590099737357119e-09,8.481610749041918e-09,0.23978052476623954,0.21264450027531712,7.134341466446117e-05,1.0,1.0,1.0,1.0,1.0,1.0,1.0,1.2374513450945235e-15,6.971035260872088e-15,2.201539805010626e-15,1.7709422897354655e-15,3.230078873461202e-13,4.567779218170897e-12,3.069091711223583e-05,5.767107630311194e-06,1.0,1.0,1.0,1.0,1.0,1.0,0.46236189144877937,1.0,0.25238968629695985,1.0,1.0,1.0,1.0,1.0,1.0,1.0,1.0518552593985198e-07,3.092417155670648e-05,0.9834005303333042,0.08977445613275686,0.0007827614275784328,1.0,1.0,1.0,1.0,1.0,1.0,1.0,9.918051440662442e-12,3.5930340504635516e-08,1.0,0.2426070336429237,0.00046002587055893606,1.0,1.0,1.0
1.0,0.6677727738007914,0.1761340949914095,0.15688714431515735,0.0019766248133795804,0.08977445613275686,1.0,1.0,0.01880414578943077,1.0,1.0,1.0,2.4560503095018135e-05,0.0013328520033787396,1.0,1.0,1.5747782766148907e-07,4.1021204719653206e-07,1.1026309935060451e-06,2.795479871809997e-06,1.1300412061247442e-09,1.6512764813904775e-08,1.0,1.0,1.0,1.0,1.0,1.0,1.1775963542760432e-08,5.8606946792867876e-08,0.6656371617897965,0.5937322883458055,0.00032916114446701616,1.0,1.0,1.0,1.0,1.0,1.0,1.0,1.4863742110821077e-14,7.970409357526959e-14,2.6095358991687795e-14,2.1081902289983308e-14,3.26215206283753e-12,4.206186863800019e-11,0.00014652776760115124,3.0189284269624887e-05,1.0,1.0,1.0,1.0,1.0,1.0,0.16143376015152539,0.6467231324958419,0.6980340084482244,1.0,1.0,1.0,1.0,1.0,1.0,1.0,6.586808451258675e-07,0.00014757754503979872,1.0,0.27301566390799986,0.0031566725974684993,1.0,1.0,1.0,1.0,1.0,1.0,1.0,8.903879292497312e-11,2.338605987649808e-07,1.0,0.6724837117400299,0.0019124191664590929,1.0,1.0,1.0
1.0,1.0,1.0,1.0,4.009469467309937e-08,8.79936410582858e-06,1.0,1.0,9.393032461624593e-07,0.006552941979749999,1.0,1.0,1.060816823057466e-10,2.338615041982438e-08,0.3137631063024615,1.0,1.5008195671422285e-13,5.095519296596344e-13,1.8322997159685145e-12,6.1025949381731596e-12,2.891150016993109e-16,8.431294776164937e-15,1.0,1.0,1.0,1.0,1.0,1.0,5.4944380152481525e-15,4.228010881594174e-14,0.00017581355139401268,0.000147433506347117,3.4637699194549434e-09,0.0016739608009891218,1.0,1.0,0.0015667042624055202,0.041055766623172237,0.005877207739016269,0.0070920612571496264,2.8387536521601287e-22,2.182751128617741e-21,5.606526043330579e-22,4.331600079182773e-22,2.0458614872283847e-19,4.78022391455338e-18,1.1556089097371975e-09,1.394318616216089e-10,0.7794516023033111,0.18812766709428344,0.7485354941742545,0.9761337001258279,1.0,1.0,1.0,1.0,0.00018864150403617526,0.6565333061843794,1.0,1.0,1.0,1.0,1.0,1.0,9.405913145419514e-13,1.1675116976295369e-09,0.0013380111280534594,4.5156440136351653e-05,7.697630800502352e-08,0.014850749195907101,1.0,1.0,1.0,1.0,1.0,1.0,1.212246907002686e-17,2.486062281503703e-13,0.005289841504170692,0.00017864752980294082,3.8297996009812846e-08,0.0019865884070358643,1.0,1.0
1.0,1.0,1.0,1.0,2.108549905874872e-08,5.029320143075575e-06,1.0,1.0,5.171085053541162e-07,0.0041897360222368455,1.0,1.0,5.157813592382179e-11,1.221358154848822e-08,0.22071613028084955,1.0,6.769674761060269e-14,2.3337137548923516e-13,8.488366595200937e-13,2.874195342099941e-12,1.219488416446109e-16,3.6926672326483526e-15,1.0,1.0,1.0,1.0,1.0,1.0,2.3962723743323777e-15,1.88152053321518e-14,0.00010501082869371793,8.787466577931068e-05,1.7554878770828867e-09,0.0010439049682516809,1.0,1.0,0.0009776528592296916,0.02712091661897851,0.003755344353791747,0.004548416295935439,1.0508920675841692e-22,8.213731627635309e-22,2.0886749201877414e-22,1.6090634094261355e-22,8.03540378369387e-20,1.9365597171405088e-18,5.790084939739055e-10,6.808976210084337e-11,0.5574788572197752,0.12965561451506732,0.5357886632245092,0.6995956762529729,1.0,1.0,1.0,1.0,0.0001130090166633605,0.46976503800597225,1.0,1.0,1.0,1.0,1.0,1.0,4.330438687348584e-13,5.850509102850145e-10,0.0008356283829721565,2.6471051830692e-05,4.101702352288507e-08,0.009666295441885932,1.0,1.0,1.0,1.0,1.0,1.0,4.944975435149913e-18,1.1276530843593474e-13,0.0033713298473479823,0.00010678040598395784,2.012799988346416e-08,0.0012434499551010282,1.0,1.0
9.671519285906663e-18,2.2296096866910567e-19,5.708539512629472e-21,4.218046263522906e-21,1.0,1.0,7.820923801750233e-08,1.1972050457267574e-07,1.0,0.7009372225511198,2.723266564187266e-10,6.226123489879774e-11,1.0,1.0,0.018310108457683383,0.0008863408897982614,1.0,1.0,1.0,1.0,1.0,1.0,0.0003713331982500982,0.0004448180932682661,3.4521669548927883e-13,3.78612011717084e-15,1.3127016466993133e-16,2.533252506377831e-16,1.0,1.0,1.0,1.0,1.0,1.0,4.780555582427725e-14,1.587897804387873e-13,1.0,0.15670056278493152,0.761438328136569,0.6603283640077312,1.0,1.0,1.0,1.0,1.0,1.0,1.0,1.0,0.005697008937470255,0.033395322741347266,0.006016177975331817,0.004201680858507677,3.703086973145639e-08,9.383532708896696e-11,4.553541720578146e-21,2.031045884652787e-19,1.0,0.007146645759187757,2.032336243457321e-15,3.542210596765047e-15,1.0518552593985198e-07,6.586808451258675e-07,9.405913145419514e-13,4.330438687348584e-13,1.0,1.0,1.0,1.0,1.0,0.3731657390864842,2.0560225267683276e-06,3.3195456660862456e-07,8.366337116798799e-11,2.4046043000681762e-15,1.215785915869967e-17,9.285635822031362e-17,1.0,1.0,0.8244012092131612,1.0,1.0,1.0,1.7183860964884266e-13,2.3589644992775256e-13
3.9209918299938156e-14,1.2984034904554488e-15,4.651268693022702e-17,3.530350249782817e-17,1.0,1.0,2.399835829076961e-05,3.458967002614989e-05,1.0,1.0,1.725877491941254e-07,4.739504436985727e-08,1.0,1.0,0.7081136407426625,0.0625786476822219,1.0,1.0,1.0,1.0,1.0,1.0,0.03022708510355191,0.03520534729642504,4.784495033859012e-10,8.491725717270291e-12,4.113655559233635e-13,7.430831074243497e-13,1.0,1.0,1.0,1.0,1.0,1.0,8.23907158479901e-11,2.401599933260616e-10,1.0,1.0,1.0,1.0,1.0,1.0,1.0,1.0,1.0,1.0,1.0,1.0,0.284274237521252,1.0,0.2969353460911164,0.22381844302872628,1.2529809535067832e-05,6.77512968091183e-08,3.78427863063426e-17,1.1941549350412852e-15,1.0,0.3401968041157839,4.85104411962556e-12,7.994709564599333e-12,3.092417155670648e-05,0.00014757754503979872,1.1675116976295369e-09,5.850509102850145e-10,1.0,1.0,1.0,1.0,1.0,1.0,0.00038764569158700966,8.187766883979757e-05,6.133040808245423e-08,5.642742694130043e-12,4.8174999006975784e-14,3.014641961023905e-13,1.0,1.0,1.0,1.0,1.0,1.0,2.576011563527175e-10,3.410995249933884e-10
8.802917689309217e-07,7.005212148425923e-08,5.7819934289954975e-09,4.697526907391399e-09,1.0,1.0,0.8414062647257604,1.0,1.0,1.0,0.03848664091095592,0.016262918941004373,1.0,1.0,1.0,1.0,1.0,1.0,1.0,1.0,0.07049107987673839,0.312159515669629,1.0,1.0,0.0007266600551183253,4.3395906287860554e-05,4.920087521037461e-06,7.530384711601847e-06,0.2603183527386259,0.6076630914297988,1.0,1.0,1.0,1.0,0.00021373223840163798,0.00045235920856726036,1.0,1.0,1.0,1.0,7.843535543626018e-05,0.00022749562108788618,0.0001121482547453402,9.779926197948021e-05,0.0022406643955806046,0.010360043427524284,1.0,1.0,1.0,1.0,1.0,1.0,0.5654733382897721,0.02059445853968517,4.9483345571500415e-09,6.580221519613454e-08,1.0,1.0,2.9125287548955106e-05,4.1576628331367394e-05,0.9834005303333042,1.0,0.0013380111280534594,0.0008356283829721565,1.0,1.0,1.0,1.0,1.0,1.0,1.0,1.0,0.01926298771474973,3.2444915165445903e-05,1.0245621259215187e-06,3.929944182980774e-06,0.016143610539401995,1.0,1.0,1.0,1.0,1.0,0.0004742247347454687,0.0005753695708167121
1.2647362608062899e-08,7.850752852998874e-10,5.102174248682283e-11,4.065659073339353e-11,1.0,1.0,0.07517977245548893,0.0970731404572316,1.0,1.0,0.002012974716108581,0.0007597849011307808,1.0,1.0,1.0,1.0,1.0,1.0,1.0,1.0,0.7960968790178792,1.0,1.0,1.0,2.264229012623426e-05,9.450652143457328e-07,8.413463338090447e-08,1.3508455980594916e-07,1.0,1.0,1.0,1.0,1.0,1.0,5.680456489414215e-06,1.3183927940804212e-05,1.0,1.0,1.0,1.0,0.002201048782341589,0.0056010588687186525,0.0030047068217571265,0.0026738342909643034,0.0423493006314014,0.1597377865116342,1.0,1.0,1.0,1.0,1.0,1.0,0.04732563104068985,0.0009954920860466053,4.301563887422144e-11,7.324881932139255e-10,1.0,1.0,6.050423981794201e-07,9.007343325249252e-07,0.08977445613275686,0.27301566390799986,4.5156440136351653e-05,2.6471051830692e-05,1.0,1.0,1.0,1.0,1.0,1.0,0.526266320331814,0.18182901740099167,0.0009222999093640193,6.821892538364517e-07,1.4962507725726597e-08,6.559984148143158e-08,0.23241249737879546,1.0,1.0,1.0,1.0,1.0,1.39173345399995e-05,1.736438280353762e-05
5.644678073838662e-12,2.3463058158781494e-13,1.04406469231896e-14,8.069820748192139e-15,1.0,1.0,0.0006244109210345642,0.0008653974987879634,1.0,1.0,7.413470159340911e-06,2.2874357744049015e-06,1.0,1.0,1.0,0.6234933154773301,1.0,1.0,1.0,1.0,1.0,1.0,0.3401968041157839,0.3851667941824849,3.411666924447371e-08,8.267791578912272e-10,5.03889972059841e-11,8.725947299431699e-11,1.0,1.0,1.0,1.0,1.0,1.0,6.75609520440425e-09,1.8020357002030513e-08,1.0,1.0,1.0,1.0,0.20591299332655022,0.4247621130499755,0.2630640200028412,0.23975528914912117,1.0,1.0,1.0,1.0,1.0,1.0,1.0,1.0,0.00035067311142366703,3.177790403586986e-06,8.60651558017254e-15,2.1694817212943327e-13,1.0,1.0,4.927369689999173e-10,7.819085843799626e-10,0.0007827614275784328,0.0031566725974684993,7.697630800502352e-08,4.101702352288507e-08,1.0,1.0,1.0,1.0,1.0,1.0,0.007430026965594819,0.001887202131320342,2.896824583875317e-06,5.669057552182682e-10,6.846053208843538e-12,3.7756538125683476e-11,1.0,1.0,1.0,1.0,1.0,1.0,1.9235832438163093e-08,2.4951088399996947e-08
1.9051670831845667e-05,1.8479976634928711e-06,1.809195727591538e-07,1.490748189002139e-07,1.0,1.0,1.0,1.0,1.0,1.0,0.29558422326207334,0.13937034572385135,1.0,1.0,1.0,1.0,0.16196489030800623,0.28367221137708365,0.4984936357251996,0.8469654289993729,0.0075207157109436545,0.041055766623172237,1.0,1.0,0.008513362291583778,0.0006618765123996617,9.10127350779213e-05,0.0001350816322985537,0.033146831543128745,0.08846971137853646,1.0,1.0,1.0,1.0,0.0028137024029152606,0.0055257562999299365,1.0,1.0,1.0,1.0,4.184271030629881e-06,1.3401925617491706e-05,6.168065190542106e-06,5.319884775406342e-06,0.00016610132648577287,0.0009001614972660028,1.0,1.0,1.0,1.0,1.0,1.0,1.0,0.1726859256597986,1.565616057013299e-07,1.7428249364426737e-06,1.0,1.0,0.0004614906340145561,0.0006362821543499626,1.0,1.0,0.014850749195907101,0.009666295441885932,0.3731657390864842,1.0,1.0,1.0,1.0,1.0,1.0,1.0,0.16255443571933711,0.000508472893680604,2.1917550097606068e-05,7.405554650177673e-05,0.0014686250543979283,0.205130711296853,1.0,1.0,1.0,1.0,0.00576739679210634,0.006891108301815802
1.0,0.350471699984662,0.0847870493408994,0.07533110377789984,0.004696037305778091,0.18628572475721983,1.0,1.0,0.04188664199194249,1.0,1.0,1.0,6.786628499106286e-05,0.003224340499455923,1.0,1.0,5.116487150792375e-07,1.2929614083389251e-06,3.3935690432474997e-06,8.297332685642342e-06,4.191781233950928e-09,5.676276879549329e-08,1.0,1.0,1.0,1.0,1.0,1.0,4.088074600412387e-08,1.942879153888193e-07,1.0,1.0,0.0008374719347699613,1.0,1.0,1.0,1.0,1.0,1.0,1.0,7.058498670048454e-14,3.6514453091619353e-13,1.222939890178711e-13,9.92344430036897e-14,1.38270388267751e-11,1.6798821096469424e-10,0.00038534033468212746,8.259605042285168e-05,1.0,1.0,1.0,1.0,1.0,1.0,0.07766154534145656,0.33880903535897966,1.0,1.0,1.0,1.0,1.0,1.0,1.0,1.0,2.0560225267683276e-06,0.00038764569158700966,1.0,0.526266320331814,0.007430026965594819,1.0,1.0,1.0,1.0,1.0,1.0,1.0,3.4800597347456757e-10,7.493935041999552e-07,1.0,1.0,0.0045468769956481915,1.0,1.0,1.0
1.0,0.9761337001258279,0.2646390360471653,0.2368786276775503,0.0011584409633005714,0.058209305685850164,1.0,1.0,0.011637672230230973,1.0,1.0,1.0,1.3191885339094586e-05,0.0007779203166701998,1.0,1.0,7.756812332869509e-08,2.0409952169807364e-07,5.600515733099645e-07,1.439515362316673e-06,5.138700820175143e-10,7.87053622801349e-09,1.0,1.0,1.0,1.0,1.0,1.0,5.589874979407505e-09,2.8405079714097764e-08,0.456662519479552,0.4063926432223542,0.00018626395083103754,1.0,1.0,1.0,1.0,1.0,1.0,1.0,5.827963786743363e-15,3.193383978648309e-14,1.0282053642397472e-14,8.290478592131495e-15,1.3675898179856097e-12,1.8288957434344392e-11,8.124715634115674e-05,1.627685628987469e-05,1.0,1.0,1.0,1.0,1.0,1.0,0.24354524179491313,0.9439221488603552,0.4772339752931019,1.0,1.0,1.0,1.0,1.0,1.0,1.0,3.3195456660862456e-07,8.187766883979757e-05,1.0,0.18182901740099167,0.001887202131320342,1.0,1.0,1.0,1.0,1.0,1.0,1.0,3.9128420008291947e-11,1.1570410270280906e-07,1.0,0.4606782986857618,0.0011194832988668376,1.0,1.0,1.0
1.0,1.0,1.0,1.0,1.584534578119015e-06,0.0002132301483254198,1.0,1.0,2.833772754130098e-05,0.07934889485269682,1.0,1.0,6.709773855616336e-09,9.65402194063931e-07,1.0,1.0,1.5093910292774783e-11,4.7223576265845796e-11,1.5542269303094009e-10,4.737895127608117e-10,4.307696474865396e-14,1.0204779129997394e-12,1.0,1.0,1.0,1.0,1.0,1.0,6.829588682990733e-13,4.616469641205309e-12,0.003125027080218211,0.002675956745082194,1.6553299925248596e-07,0.023463592525708538,1.0,1.0,0.02214453641873684,0.38583017822992494,0.07218975017807976,0.08486345224990535,9.430176497156584e-20,6.490946073290639e-19,1.796681805891537e-19,1.4069419618411716e-19,4.715295725968423e-17,9.200189275265603e-16,6.075460598394207e-08,8.622327192437401e-09,1.0,1.0,1.0,1.0,1.0,1.0,1.0,1.0,0.0033228708705330336,1.0,1.0,1.0,1.0,1.0,1.0,1.0,8.366337116798799e-11,6.133040808245423e-08,0.01926298771474973,0.0009222999093640193,2.896824583875317e-06,0.16255443571933711,1.0,1.0,1.0,1.0,1.0,1.0,2.1955672224144e-15,2.4168689528374885e-11,0.06587016597092617,0.0031698308554432173,1.5186621561081393e-06,0.027364573819536074,1.0,1.0
1.0,1.0,1.0,1.0,2.7528869871387744e-10,1.0925915699698859e-07,1.0,1.0,9.06804090359382e-09,0.00019917339580509768,1.0,1.0,4.074414537679058e-13,1.523924879905141e-10,0.01775859994024814,0.2492867935057843,3.2999660253474337e-16,1.242745241899065e-15,4.9403764759792066e-15,1.8273280359404628e-14,3.842081939049223e-19,1.467708372563345e-17,0.4629888513954601,0.40994486999364044,1.0,1.0,1.0,1.0,9.238874892866609e-18,8.369037207597515e-17,3.203376469654743e-06,2.6261932693253924e-06,1.850428420117743e-11,4.176335028843687e-05,1.0,1.0,3.873473012998946e-05,0.0016247219796520233,0.0001763138741947314,0.00021826198393512904,1.4143818826485023e-25,1.246395760683296e-24,2.921329154835227e-25,2.2202407099958667e-25,1.5965619136458594e-22,4.681091347168619e-21,5.5796171193904815e-12,5.489538940422432e-13,0.054110013196817526,0.009609008225011937,0.05152260592120923,0.07033539638215566,1.0,1.0,1.0,1.0,3.470555633741962e-06,0.04405715925007886,1.0,1.0,1.0,1.0,1.0,1.0,2.4046043000681762e-15,5.642742694130043e-12,3.2444915165445903e-05,6.821892538364517e-07,5.669057552182682e-10,0.000508472893680604,1.0,1.0,1.0,1.0,1.0,1.0,1.2688931487904283e-20,5.70709201044959e-16,0.00015602066742339583,3.2620027244761765e-06,2.619116787095453e-10,5.0688346685410035e-05,1.0,1.0
1.0,1.0,1.0,1.0,3.138900883989174e-12,2.044154045890496e-09,1.0,1.0,1.3675578225808824e-10,7.683732858066302e-06,1.0,1.0,2.9020383714609728e-15,1.6529123836581237e-12,0.0011609529805247836,0.023249720436211013,1.4628030298516202e-18,5.989239495403162e-18,2.625573147798169e-17,1.0555726768802762e-16,1.1269979825186026e-21,5.365976463829202e-20,0.048867041893404996,0.042196707438807685,1.0,1.0,1.0,1.0,3.284202389312223e-20,3.4071184787975785e-19,8.031636962136568e-08,6.479798532154343e-08,1.7183860964884266e-13,1.3552836340114573e-06,1.0,1.0,1.2476487779296449e-06,7.938743847922414e-05,6.7046549709603705e-06,8.513715426793267e-06,1.8476899832009947e-28,1.8251197589119885e-27,3.9667712770043013e-28,2.9693255586719294e-28,3.023835729420993e-25,1.0719502852869977e-23,4.7612283261582386e-14,3.986919240300082e-15,0.004009104236963008,0.0005845027708599516,0.003794641505124884,0.0054446706129630575,1.0,1.0,1.0,1.0,8.771039799138722e-08,0.003189766883898539,1.0,1.0,1.0,1.0,1.0,1.0,1.215785915869967e-17,4.8174999006975784e-14,1.0245621259215187e-06,1.4962507725726597e-08,6.846053208843538e-12,2.1917550097606068e-05,1.0,1.0,1.0,1.0,1.0,1.0,3.072428497182974e-23,2.6130335384989395e-18,5.864810307099783e-06,8.192959805165432e-08,2.971806549000881e-12,1.6846578823963873e-06,1.0,1.0
1.0,1.0,1.0,1.0,1.7651618856475503e-11,9.537505485950174e-09,1.0,1.0,6.881125308175228e-10,2.7450178986518928e-05,1.0,1.0,1.945898997147119e-14,9.456488316328866e-12,0.0033517327030365817,0.059596153794494414,1.1731909778444097e-17,4.653514543098766e-17,1.96935020628434e-16,7.689752912152114e-16,1.0565724264960918e-20,4.624018557585083e-19,0.11875259336228687,0.10301753098828892,1.0,1.0,1.0,1.0,2.861632602083186e-19,2.8144030471857515e-18,3.3497620257587746e-07,2.7140639345260423e-07,1.0403017152005695e-12,5.128767515058327e-06,1.0,1.0,4.740486193154537e-06,0.000258477311478634,2.4060202569850237e-05,3.026641115552371e-05,2.3475107157318407e-27,2.2203815868365375e-26,4.965839903219822e-27,3.7379725947863e-27,3.346125337486684e-24,1.10206752327148e-22,2.979383895186842e-13,2.6562273974043826e-14,0.011104459679502183,0.001747010380605339,0.010525640542320112,0.014840744878306004,1.0,1.0,1.0,1.0,3.6491405674677733e-07,0.008865207014253317,1.0,1.0,1.0,1.0,1.0,1.0,9.285635822031362e-17,3.014641961023905e-13,3.929944182980774e-06,6.559984148143158e-08,3.7756538125683476e-11,7.405554650177673e-05,1.0,1.0,1.0,1.0,1.0,1.0,3.0896780051799947e-22,2.0726624782651176e-17,2.113068776058068e-05,3.4161063654774474e-07,1.6741867440665317e-11,6.320458832304476e-06,1.0,1.0
2.3695470388388606e-23,3.3202081417677367e-25,5.347358466456096e-27,3.803394613182947e-27,1.0,0.6467231324958419,6.96098745555672e-12,1.1591347678495751e-11,1.0,0.0034726552565377375,8.700550832074493e-15,1.560929018101928e-15,1.0,1.0,2.8679107462453915e-05,6.074643926566902e-07,1.0,1.0,1.0,1.0,1.0,1.0,2.0280563554841608e-07,2.5418870373328726e-07,3.805029167501369e-18,2.137166008976925e-20,4.580473844547876e-22,9.659323419106638e-22,1.0,1.0,0.08678975276085002,0.09885163342449732,1.0,0.013197477756363893,3.9121978096127995e-19,1.5551335325054684e-18,0.014012003940391881,0.00045939752628154195,0.00387956897678333,0.00320982187865183,1.0,1.0,1.0,1.0,1.0,1.0,1.0,1.0,6.437216644305299e-06,6.12740554259205e-05,6.891198489454012e-06,4.396861250896651e-06,2.8475752359442517e-12,2.508058178231996e-15,4.1446323897797644e-27,2.9876794420308606e-25,0.08248199094022372,8.580321433135948e-06,1.04537296817201e-20,1.9785040340650126e-20,9.918051440662442e-12,8.903879292497312e-11,1.212246907002686e-17,4.944975435149913e-18,1.0,1.0,0.016143610539401995,0.23241249737879546,1.0,0.0014686250543979283,3.4800597347456757e-10,3.9128420008291947e-11,2.1955672224144e-15,1.2688931487904283e-20,3.072428497182974e-23,3.0896780051799947e-22,1.0,1.0,0.004316525300296312,0.08575939156774666,1.0,0.011264512287338234,1.7029613125512889e-18,2.452686415377519e-18
2.071990141020759e-18,4.492260949470674e-20,1.0833597448561618e-21,7.965111824161249e-22,1.0,1.0,2.6478101347274704e-08,4.1008439182403804e-08,1.0,0.39639299624991015,8.100618468966214e-11,1.7895477409596873e-11,1.0,1.0,0.00882315370751706,0.000388534118316458,1.0,1.0,1.0,1.0,1.0,1.0,0.00015757472264297593,0.00018970808020887076,8.953494312032206e-14,9.07688785938246e-16,2.949431874829965e-17,5.745912843248778e-17,1.0,1.0,1.0,1.0,1.0,1.0,1.1923184365584721e-14,4.056789529966774e-14,1.0,0.08172140037580382,0.43100583792474984,0.3731657390864842,1.0,1.0,1.0,1.0,1.0,1.0,1.0,1.0,0.002654873988046925,0.016381079552920823,0.002801953683708064,0.0019513534062044096,1.2252870338267966e-08,2.7181279747422312e-11,8.606243516413781e-22,4.086024805397501e-20,1.0,0.003336681427138646,4.804342128788044e-16,8.476391610436377e-16,3.5930340504635516e-08,2.338605987649808e-07,2.486062281503703e-13,1.1276530843593474e-13,1.0,1.0,1.0,1.0,1.0,0.205130711296853,7.493935041999552e-07,1.1570410270280906e-07,2.4168689528374885e-11,5.70709201044959e-16,2.6130335384989395e-18,2.0726624782651176e-17,1.0,1.0,0.4660503449590298,1.0,1.0,0.9628927609476179,4.395278522541553e-14,6.070090736388782e-14
5.075146645318112e-06,4.5197345380308117e-07,4.101702352288507e-08,3.3627347025301995e-08,1.0,1.0,1.0,1.0,1.0,1.0,0.12432115060508475,0.05627492775425256,1.0,1.0,1.0,1.0,0.37610272270164374,0.6337912254347073,1.0,1.0,0.020744679563506698,0.10300090721509898,1.0,1.0,0.002964464684826253,0.00020541709673400153,2.623115699981713e-05,3.935104080970784e-05,0.0846185364685308,0.21613724635441012,1.0,1.0,1.0,1.0,0.0009337805045200029,0.001898543114448744,1.0,1.0,1.0,1.0,1.5787801147828402e-05,4.823682871298557e-05,2.299903824515181e-05,1.995222890475329e-05,0.0005392201427873824,0.0027169049812707175,1.0,1.0,1.0,1.0,1.0,1.0,1.0,0.07009045544975447,3.536116362937164e-08,4.2552572131758215e-07,1.0,1.0,0.0001406307088231532,0.0001973172849884196,1.0,1.0,0.005289841504170692,0.0033713298473479823,0.8244012092131612,1.0,1.0,1.0,1.0,1.0,1.0,1.0,0.06587016597092617,0.00015602066742339583,5.864810307099783e-06,2.113068776058068e-05,0.004316525300296312,0.4660503449590298,1.0,1.0,1.0,1.0,0.001985823742245094,0.0023857934138748725
6.979689220842351e-08,4.830127854000213e-09,3.403504885007445e-10,2.7310373573355727e-10,1.0,1.0,0.20522595832907617,0.26149724262825264,1.0,1.0,0.006651257752415272,0.0026403816736038145,1.0,1.0,1.0,1.0,1.0,1.0,1.0,1.0,0.32599570397167377,1.0,1.0,1.0,9.180405218006275e-05,4.446360184612755e-06,4.3525007948439485e-07,6.852849478574853e-07,1.0,1.0,1.0,1.0,1.0,1.0,2.4832944189722144e-05,5.5241726632892835e-05,1.0,1.0,1.0,1.0,0.0006277785369271768,0.001680429998685568,0.0008730938923383953,0.0007706878181690483,0.01398031563716982,0.05775625050227796,1.0,1.0,1.0,1.0,1.0,1.0,0.1320114210698615,0.0033936614709221373,2.886145704872515e-10,4.517133445552839e-09,1.0,1.0,2.9033182902160687e-06,4.25086716977695e-06,0.2426070336429237,0.6724837117400299,0.00017864752980294082,0.00010678040598395784,1.0,1.0,1.0,1.0,1.0,1.0,1.0,0.4606782986857618,0.0031698308554432173,3.2620027244761765e-06,8.192959805165432e-08,3.4161063654774474e-07,0.08575939156774666,1.0,1.0,1.0,1.0,1.0,5.815259087698763e-05,7.145039505032707e-05
2.446709596116122e-12,9.749010118585011e-14,4.184257926294329e-15,3.22633912721895e-15,1.0,1.0,0.00036459850306707573,0.000508472893680604,1.0,1.0,3.978008951464379e-06,1.194016061907637e-06,1.0,1.0,1.0,0.43100583792474984,1.0,1.0,1.0,1.0,1.0,1.0,0.230804827634033,0.26259173705795025,1.6663980509348406e-08,3.831856205802908e-10,2.2444996091922408e-11,3.914085454253885e-11,1.0,1.0,1.0,1.0,1.0,1.0,3.230806160975364e-09,8.756879120657719e-09,1.0,1.0,1.0,1.0,0.3045365673511724,0.6143466998253262,0.38583017822992494,0.3531958428779878,1.0,1.0,1.0,1.0,1.0,1.0,1.0,1.0,0.00020114518451825613,1.669181016601186e-06,3.4457831553627833e-15,9.002507432426169e-14,1.0,1.0,2.274365458770195e-10,3.622332744295513e-10,0.00046002587055893606,0.0019124191664590929,3.8297996009812846e-08,2.012799988346416e-08,1.0,1.0,1.0,1.0,1.0,1.0,0.0045468769956481915,0.0011194832988668376,1.5186621561081393e-06,2.619116787095453e-10,2.971806549000881e-12,1.6741867440665317e-11,1.0,1.0,1.0,1.0,1.0,1.0,9.342887148885196e-09,1.2152649065890113e-08
1.4490221878137447e-06,1.1868135917861588e-07,1.0035423539806068e-08,8.187180345303677e-09,1.0,1.0,1.0,1.0,1.0,1.0,0.05401836659476067,0.023100251391494308,1.0,1.0,1.0,1.0,0.77895969840473,1.0,1.0,1.0,0.05083341200850616,0.23196476285832196,1.0,1.0,0.001084140942912743,6.717779399954318e-05,7.889432296336948e-06,1.2101180429562118e-05,0.19257133432318002,0.45869952115026724,1.0,1.0,1.0,1.0,0.000326298231807166,0.0006783607160788028,1.0,1.0,1.0,1.0,5.074098648600807e-05,0.00014848947102279425,7.242503344457941e-05,6.32817176724009e-05,0.0015178638774677265,0.0071635115370886964,1.0,1.0,1.0,1.0,1.0,1.0,0.7501982083431133,0.029283250000361447,8.622327192437401e-09,1.1148027616844162e-07,1.0,1.0,4.5609355762458016e-05,6.440073821629378e-05,1.0,1.0,0.0019865884070358643,0.0012434499551010282,1.0,1.0,1.0,1.0,1.0,1.0,1.0,1.0,0.027364573819536074,5.0688346685410035e-05,1.6846578823963873e-06,6.320458832304476e-06,0.011264512287338234,0.9628927609476179,1.0,1.0,1.0,1.0,0.0007119080454635521,0.0008627297041661177
1.0,1.0,1.0,1.0,9.787442142239305e-09,2.5681659523789795e-06,1.0,1.0,2.527271068319796e-07,0.002475657431448517,1.0,1.0,2.1854201974441534e-11,5.6491072125207816e-09,0.14302514545303036,1.0,2.622152599530303e-14,9.17039927513829e-14,3.3973641290916953e-13,1.1653772408739163e-12,4.3606171342490885e-17,1.3818635143728484e-15,1.0,1.0,1.0,1.0,1.0,1.0,8.927772061647606e-16,7.151321873457451e-15,5.7169654638086646e-05,4.783199427320631e-05,7.807137643636647e-10,0.0005956477981693597,1.0,1.0,0.0005567656328757487,0.016582623616260454,0.0022122833697052844,0.0026849198508850577,3.2148836683492343e-23,2.571691300744177e-22,6.440926558906119e-23,4.950023147595514e-23,2.6385022837027654e-20,6.590268529083974e-19,2.549889487704383e-10,2.891413887582194e-11,0.3761275859412838,0.08264668102028887,0.36143502394712534,0.4719407463127628,1.0,1.0,1.0,1.0,6.142965847820895e-05,0.31518836637430847,1.0,1.0,1.0,1.0,1.0,1.0,1.7183860964884266e-13,2.576011563527175e-10,0.0004742247347454687,1.39173345399995e-05,1.9235832438163093e-08,0.00576739679210634,1.0,1.0,1.0,1.0,1.0,1.0,1.7029613125512889e-18,4.395278522541553e-14,0.001985823742245094,5.815259087698763e-05,9.342887148885196e-09,0.0007119080454635521,1.0,1.0
1.0,1.0,1.0,1.0,1.2718287592608224e-08,3.2393677160197258e-06,1.0,1.0,3.237673553270326e-07,0.0029633918165331815,1.0,1.0,2.932978722420795e-11,7.362669900803502e-09,0.1663707804836174,1.0,3.6318501016161805e-14,1.2628090750802858e-13,4.649639350607683e-13,1.5881893977607209e-12,6.202787410311811e-17,1.93562108734942e-15,1.0,1.0,1.0,1.0,1.0,1.0,1.252839580893297e-15,9.953901669819644e-15,7.028105969210248e-05,5.892628200298758e-05,1.0312751247268777e-09,0.0007227858439015612,1.0,1.0,0.0006759429295484382,0.01962495573882124,0.0026581138950845895,0.0032163950863350033,4.8270606944830557e-23,3.8298084747011658e-22,9.638908757028589e-23,7.416780053846487e-23,3.8663060871699885e-20,9.53505390284453e-19,3.376597743492867e-10,3.8832496021654564e-11,0.43105186381463084,0.09613953252100764,0.4139108212268544,0.5398292682565338,1.0,1.0,1.0,1.0,7.560845774966445e-05,0.362545116032531,1.0,1.0,1.0,1.0,1.0,1.0,2.3589644992775256e-13,3.410995249933884e-10,0.0005753695708167121,1.736438280353762e-05,2.4951088399996947e-08,0.006891108301815802,1.0,1.0,1.0,1.0,1.0,1.0,2.452686415377519e-18,6.070090736388782e-14,0.0023857934138748725,7.145039505032707e-05,1.2152649065890113e-08,0.0008627297041661177,1.0,1.0
