algorithm,init,crossover,Hypervolume,Hypervolume_std
AGEMOEA2,greedy_ting,UX,0.40700318304711586,0.006000125547555971
AGEMOEA2,greedy_ting,HUX,0.4065520621381501,0.005858128974918034
NSGA2,random_dense,HUX,0.4012592210547539,0.005025264606155778
NSGA2,random_dense,UX,0.3997844734731531,0.008073700942941457
AGEMOEA2,greedy_ting,2P,0.39878519561706977,0.004669536750588053
AGEMOEA2,greedy_ting,1P,0.3862154480880588,0.004518019763730789
NSGA2,greedy_ting,2P,0.38156761087050534,0.007384077520342496
AGEMOEA2,random_dense,HUX,0.38133164953515325,0.006575957381850447
NSGA2,greedy_ting,1P,0.38079233592976636,0.005236609259348638
AGEMOEA2,random_dense,UX,0.3803180320081784,0.0066445978497333795
NSGA3,random_dense,HUX,0.3764379011473494,0.005304394823766075
UNSGA3,random_dense,HUX,0.3763528852195753,0.005944346348468276
UNSGA3,random_dense,UX,0.3761850841604907,0.00508237882425579
NSGA2,greedy_ting,HUX,0.37606747687574477,0.006297687367269818
NSGA2,greedy_ting,UX,0.37516046053645563,0.006631585214421085
NSGA3,random_dense,UX,0.37514505919018304,0.0052931823587919384
SMSEMOA,greedy_ting,2P,0.3714841601397859,0.008580461108076882
SPEA2,random_dense,HUX,0.3666463573426409,0.010876953513837209
SPEA2,random_dense,UX,0.36576554090457575,0.008521579350997661
NSGA3,greedy_ting,2P,0.3618556459361586,0.006534125677998994
UNSGA3,greedy_ting,HUX,0.36176186563671003,0.009090584866641261
UNSGA3,greedy_ting,2P,0.36119486575420556,0.007378962898961043
SMSEMOA,greedy_ting,1P,0.35987595504767805,0.008187879274631533
NSGA3,greedy_ting,UX,0.3587307264726825,0.006679589995317833
NSGA3,greedy_ting,HUX,0.35862128683469696,0.009377183962674666
UNSGA3,greedy_ting,UX,0.3583538047214869,0.011424279732705973
SMSEMOA,greedy_ting,HUX,0.3579201547508046,0.005802499006688486
SMSEMOA,greedy_ting,UX,0.3576525654447197,0.007971273397569319
NSGA3,greedy_ting,1P,0.3537231578622037,0.007105926380038309
UNSGA3,greedy_ting,1P,0.35232186484602007,0.008777882781447473
SPEA2,greedy_ting,HUX,0.35080547085155384,0.010920088221038966
SPEA2,greedy_ting,UX,0.34820549916034393,0.011896904242870302
SMSEMOA,random_dense,HUX,0.3421933968101124,0.00445140387770188
SMSEMOA,random_dense,UX,0.3413191250458169,0.004856528532319924
NSGA2,random_dense,2P,0.34021475714104876,0.007493976433880661
AGEMOEA2,random_dense,2P,0.3365383352995329,0.006046193407050075
UNSGA3,random_dense,2P,0.328261162210889,0.007279412741235747
NSGA3,random_dense,2P,0.3241966323688053,0.006689304286673933
SPEA2,random_dense,2P,0.31954236250904566,0.0077168524469603105
NSGA2,random_dense,1P,0.31927616744216014,0.005217847747069086
SPEA2,greedy_ting,1P,0.3177807371718517,0.019581433727579364
AGEMOEA2,random_dense,1P,0.3141825841494137,0.006462601225355247
SMSEMOA,random_dense,2P,0.30895619590685774,0.005845709047521334
UNSGA3,random_dense,1P,0.30836076704620635,0.007101561264241413
SPEA2,random_dense,1P,0.3081613654990226,0.008565931605344315
NSGA3,random_dense,1P,0.3075113915033271,0.005927674132180096
SPEA2,greedy_ting,2P,0.30718955772007583,0.015951858947959065
SMSEMOA,random_dense,1P,0.2940907295238519,0.005867572309817153
RVEA,random_dense,HUX,0.2746595797725136,0.008477411692571884
RVEA,random_dense,UX,0.2734943814569034,0.008428186012588898
RVEA,greedy_ting,2P,0.27001061358478856,0.00781802103321463
RVEA,greedy_ting,1P,0.26907282891452566,0.00893863582005028
RVEA,greedy_ting,HUX,0.2683988163972087,0.007216348495404724
RVEA,greedy_ting,UX,0.26582429556271336,0.007418456678243759
RVEA,random_dense,2P,0.2502324435865012,0.006178472245804349
RVEA,random_dense,1P,0.24873235129610388,0.0062614118669277186
SPEA2,greedy_multi,HUX,0.13768418087127487,0.006271569396439657
SPEA2,greedy_multi,UX,0.136733396322897,0.005409935289821803
AGEMOEA2,greedy_multi,UX,0.1347213995399298,0.005497978950131959
AGEMOEA2,greedy_multi,HUX,0.1332289028979227,0.005363236085918955
UNSGA3,greedy_multi,UX,0.1294237401040538,0.005242569917691859
NSGA2,greedy_multi,HUX,0.12905114442230925,0.005120797080999012
NSGA2,greedy_multi,UX,0.12901078638684269,0.005851349289314852
UNSGA3,greedy_multi,HUX,0.12875259387910656,0.0053492858018629125
NSGA3,greedy_multi,UX,0.1280835806490056,0.005430582102542036
NSGA3,greedy_multi,HUX,0.12736552213368577,0.004783865637495021
AGEMOEA2,greedy_multi,2P,0.12558199463251302,0.003757801553963844
RVEA,greedy_multi,UX,0.12056253131400897,0.0031697649146788746
NSGA3,greedy_multi,2P,0.12046776579450842,0.004919726288787566
AGEMOEA2,greedy_multi,1P,0.12040182407456343,0.004125231202904512
RVEA,greedy_multi,HUX,0.12036562458520456,0.0031356620274880535
SPEA2,greedy_multi,2P,0.12001914702598883,0.005067575512906187
UNSGA3,greedy_multi,2P,0.11925887032365114,0.003659082793470364
SPEA2,greedy_multi,1P,0.11923252569256558,0.004205561196926761
NSGA2,greedy_multi,2P,0.11652670814351701,0.005120188431919373
UNSGA3,greedy_multi,1P,0.11626313147049057,0.004394631315111511
NSGA3,greedy_multi,1P,0.11573375689176374,0.0037244670084409
SMSEMOA,greedy_multi,UX,0.11230382493722377,0.0029345902669707883
NSGA2,greedy_multi,1P,0.11209187157246314,0.003324764680977761
SMSEMOA,greedy_multi,HUX,0.11163064146378746,0.003114260547610528
RVEA,greedy_multi,2P,0.11114492880629386,0.004108565456258684
SMSEMOA,greedy_multi,1P,0.10912229401661658,0.004793540279496889
SMSEMOA,greedy_multi,2P,0.10867829452745077,0.0035986069319376254
RVEA,greedy_multi,1P,0.10683952497531521,0.00397634483735194
